#_prom,Player,Team,GP,MPG,PPG,FGM,FGA,FG%,3PM,3PA,3P%,FTM,FTA,FT%,ORB,DRB,RPG,APG,SPG,BPG,TOV,PF,#_adv,TS%,eFG%,Total S %,ORB%,DRB%,TRB%,AST%,TOV%,STL%,BLK%,USG%,PPR,PPS,ORtg,DRtg,eDiff,FIC,PER,MIN,Pos,#,Dbl Dbl,Tpl Dbl,40 Pts,20 Reb,20 Ast,5 Stl,5 Blk,High Game,Techs,HOB,Ast/TO,Stl/TO,FT/FGA,W's,L's,Win %,OWS,DWS,WS,Team_completo
1,JEREMIAH MARTIN,URAL,39,30.0,17.8,6.3,13.2,0.478,1.4,3.7,0.392,3.8,5.4,0.705,0.4,2.7,3.2,4.7,2.0,0.4,2.2,2.5,13,0.573,0.532,157.4,1.8,11.1,6.5,32.5,12.1,3.6,1.2,28.0,3.2,1.4,115.1,104.8,10.3,467.8,21.8,1169.6,PG,22,1,0,0,0,0,3,0,36,0,0.397,2.2,0.9,0.4,21,18,0.538,3.4,2.1,5.6,URALMASH
2,DWAYNE BACON,ZEN,58,26.9,17.6,5.9,13.9,0.422,1.6,4.9,0.322,4.3,5.2,0.833,0.6,3.2,3.9,2.2,0.7,0.2,2.0,2.7,23,0.545,0.48,157.7,3.0,14.7,9.0,15.6,10.9,1.5,0.8,32.2,-2.0,1.3,109.4,105.4,4.0,473.0,18.6,1562.1,SF,178,0,0,0,0,0,0,0,34,0,0.271,1.1,0.4,0.4,46,12,0.793,3.1,2.8,5.8,ZENIT SAINT PETERSBURG
3,ZACH NUTALL,NIZ,29,25.3,17.2,6.3,13.3,0.47,2.3,6.2,0.367,2.4,3.5,0.686,0.5,2.9,3.3,2.8,1.1,0.1,3.4,2.4,25,0.579,0.556,152.3,2.5,15.3,8.8,23.7,18.5,2.4,0.6,34.3,-5.9,1.3,102.1,111.4,-9.4,233.3,18.3,732.6,PG,117,0,0,0,0,0,0,0,31,0,0.314,0.8,0.3,0.3,11,18,0.379,0.5,0.5,1.0,NIZHNY NOVGOROD
4,MIKHAIL KULAGIN,SAM,18,26.8,16.6,5.3,12.4,0.429,3.2,7.9,0.399,2.7,2.8,0.98,0.4,2.7,3.1,2.1,0.5,0.1,1.8,1.4,24,0.606,0.556,180.7,1.9,13.1,7.1,17.9,11.8,1.0,0.2,27.8,-1.7,1.3,112.9,121.9,-9.0,156.8,18.4,482.7,SG,126,0,0,0,0,0,0,0,32,0,0.295,1.1,0.3,0.2,4,14,0.222,1.2,-0.3,0.8,SAMARA
5,T.J. STARKS,AST,13,27.5,16.2,6.1,15.5,0.391,1.2,4.0,0.308,2.8,4.3,0.661,0.6,2.5,3.2,4.2,0.5,0.1,2.8,1.5,77,0.465,0.431,135.9,2.8,12.5,7.5,39.3,14.0,1.1,0.3,37.6,-0.3,1.0,91.7,134.2,-42.6,86.8,14.3,356.9,G,124,0,0,0,0,0,0,0,30,0,0.418,1.5,0.2,0.3,1,12,0.077,-0.8,-0.9,-1.7,ASTANA TIGERS
6,MARCOS KNIGHT,UNI,49,26.3,16.2,6.2,12.5,0.499,1.1,2.7,0.418,2.6,3.2,0.804,0.8,3.4,4.2,3.9,1.5,0.1,2.1,2.3,9,0.582,0.545,172.1,3.9,16.4,10.1,27.4,13.1,3.1,0.6,28.3,1.9,1.3,117.6,99.5,18.0,551.3,22.5,1290.3,G,84,0,0,0,0,0,0,0,29,0,0.326,1.9,0.7,0.3,39,10,0.796,4.4,3.3,7.7,UNICS KAZAN
7,GARRETT NEVELS,PARM,45,29.0,15.8,6.0,13.9,0.434,2.0,5.0,0.389,1.8,1.9,0.941,0.9,2.9,3.8,3.6,1.4,0.4,2.4,2.1,29,0.536,0.504,176.4,3.8,12.5,8.2,24.7,14.0,2.6,1.3,28.0,0.1,1.1,104.9,112.5,-7.5,434.9,17.7,1305.0,SG,121,0,0,0,0,0,1,0,30,0,0.336,1.5,0.6,0.1,16,29,0.356,1.2,1.0,2.2,PARMA BASKET PERM
8,DEVAUGHN AKOON-PURCELL,UNI,49,24.9,15.6,5.0,12.4,0.403,1.8,5.5,0.323,3.9,4.3,0.892,0.9,2.1,3.0,3.1,1.1,0.3,1.8,2.4,19,0.546,0.474,161.8,4.6,10.8,7.7,21.5,11.4,2.5,1.3,30.1,1.0,1.3,115.7,102.9,12.8,424.8,19.8,1219.5,GF,24,1,0,0,0,0,1,0,31,0,0.259,1.7,0.6,0.3,38,11,0.776,3.9,2.6,6.5,UNICS KAZAN
9,PATRICK MILLER,LOK,53,26.8,15.5,5.1,10.9,0.464,0.7,1.7,0.407,4.7,6.1,0.766,1.3,2.1,3.4,5.9,1.5,0.0,2.6,2.4,15,0.57,0.496,163.7,5.7,9.6,7.7,39.0,16.2,2.8,0.1,27.0,4.5,1.4,115.9,104.3,11.6,605.4,21.2,1419.2,PG,7,3,0,0,0,0,2,0,30,0,0.363,2.2,0.6,0.6,36,17,0.679,4.5,2.7,7.2,LOKOMOTIV KUBAN
10,ROYCE HAMM JR.,PARM,46,30.4,15.5,5.9,11.2,0.529,0.6,1.9,0.303,3.1,4.4,0.704,1.5,6.7,8.2,1.0,0.7,0.7,1.8,2.1,21,0.592,0.555,153.7,6.1,27.1,16.7,6.7,12.0,1.2,2.4,23.4,-3.6,1.4,111.8,109.5,2.3,532.4,18.9,1400.6,,1,15,0,0,0,0,0,1,30,0,0.245,0.6,0.4,0.4,18,28,0.391,2.6,1.6,4.2,PARMA BASKET PERM
11,ANDREY ZUBKOV,MBA,43,28.0,15.0,5.1,10.3,0.492,0.7,2.5,0.257,4.1,5.6,0.734,2.3,5.1,7.4,1.8,0.9,0.3,1.8,2.7,18,0.583,0.524,148.3,10.2,24.1,16.9,14.0,12.1,1.7,1.0,24.9,-2.0,1.4,115.5,107.8,7.7,478.1,20.1,1202.7,SF,2,10,0,0,0,0,1,0,32,0,0.264,1.0,0.5,0.5,16,27,0.372,3.3,1.6,4.9,MBA MOSCOW
12,MELO TRIMBLE,CSKA,56,23.0,14.8,4.3,9.1,0.473,1.9,4.7,0.397,4.4,4.9,0.888,0.3,2.4,2.7,4.1,1.6,0.1,1.9,2.1,2,0.658,0.575,175.7,1.9,12.5,7.5,30.6,14.5,3.8,0.3,27.3,3.4,1.6,128.4,98.8,29.6,616.8,25.7,1289.0,G,33,1,0,0,0,0,1,0,35,0,0.274,2.1,0.8,0.5,47,9,0.839,7.1,3.5,10.6,CSKA MOSCOW
13,TIMOFEI GERASIMOV,ENI,45,30.4,14.8,4.6,11.4,0.405,1.9,5.2,0.368,3.6,4.3,0.844,0.5,3.4,3.9,5.6,1.3,0.1,3.4,2.4,43,0.555,0.488,161.6,2.0,14.6,8.2,36.8,20.4,2.3,0.3,26.2,1.2,1.3,107.6,112.7,-5.1,450.8,16.6,1366.7,PG,12,3,0,0,0,0,1,0,34,0,0.39,1.7,0.4,0.4,14,31,0.311,2.0,0.9,2.9,ENISEY KRASNOYARSK
14,BRENDAN ADAMS,SAM,16,28.9,14.6,5.3,10.4,0.509,1.4,2.9,0.478,2.6,3.3,0.808,0.6,1.5,2.1,4.0,0.4,0.1,2.0,1.3,33,0.616,0.575,179.5,2.5,6.9,4.7,27.6,14.4,0.8,0.5,22.9,2.3,1.4,120.5,117.7,2.8,146.8,17.4,462.7,PG,156,0,0,0,0,0,0,0,27,0,0.34,2.0,0.2,0.3,6,10,0.375,1.6,-0.1,1.5,SAMARA
15,DANIEL UTOMI,AST,37,30.7,14.5,4.6,10.7,0.433,2.0,5.3,0.374,3.2,4.2,0.768,0.4,3.6,3.9,1.3,0.9,0.1,2.1,2.0,86,0.576,0.525,157.5,1.5,14.2,8.0,10.5,14.0,1.7,0.4,23.8,-3.9,1.4,101.9,124.2,-22.3,267.1,13.6,1134.4,SF,186,0,0,0,0,0,0,0,29,0,0.263,0.6,0.4,0.4,2,35,0.054,0.4,-1.2,-0.8,ASTANA TIGERS
16,JALEN REYNOLDS,UNI,48,20.0,14.4,5.5,10.0,0.544,0.9,2.6,0.354,2.6,3.4,0.765,1.7,4.2,5.9,1.8,1.3,0.7,1.9,2.8,1,0.626,0.59,166.3,10.7,27.1,18.9,18.1,14.0,3.6,4.0,31.3,-3.3,1.4,119.3,94.5,24.9,531.0,28.7,960.4,F,11,3,0,0,0,0,1,0,25,0,0.234,1.0,0.7,0.3,36,12,0.75,3.9,3.2,7.1,UNICS KAZAN
17,VICTOR SANDERS,ENI,36,28.0,14.1,4.9,11.2,0.439,2.3,6.0,0.391,1.9,2.8,0.667,0.5,2.2,2.7,3.4,1.4,0.1,2.5,2.4,56,0.565,0.543,149.7,2.2,10.2,6.2,25.4,16.9,2.9,0.2,25.5,-1.1,1.3,106.5,112.7,-6.2,283.5,15.8,1007.4,G,175,0,0,0,0,0,1,0,31,0,0.319,1.3,0.6,0.3,11,25,0.306,1.3,0.6,1.9,ENISEY KRASNOYARSK
18,ANTONIUS CLEVELAND,LOK,53,24.9,13.9,5.1,10.2,0.502,1.1,3.1,0.355,2.5,3.4,0.736,0.8,3.3,4.2,3.0,1.7,0.7,2.0,2.4,16,0.592,0.556,159.4,4.1,16.3,10.1,21.8,14.8,3.4,2.9,24.5,-0.1,1.4,113.4,99.8,13.7,553.8,20.6,1319.6,G,15,2,0,0,0,0,1,0,25,0,0.267,1.5,0.8,0.3,37,16,0.698,3.0,3.4,6.4,LOKOMOTIV KUBAN
19,XAVIER MOON,ZEN,24,23.4,13.5,4.8,9.8,0.492,1.0,2.5,0.393,2.9,3.2,0.908,0.7,3.3,4.0,5.0,1.2,0.5,2.2,1.9,3,0.603,0.542,179.3,3.8,17.2,10.7,37.7,16.2,2.8,2.0,26.8,4.8,1.4,121.2,100.9,20.4,279.8,24.6,561.0,SG,40,1,0,0,0,0,1,0,32,0,0.318,2.3,0.6,0.3,19,5,0.792,2.6,1.2,3.8,ZENIT SAINT PETERSBURG
20,JOHNNY O'BRYANT,URAL,14,22.4,13.5,5.0,12.5,0.4,1.0,3.1,0.326,2.5,3.3,0.761,1.9,3.4,5.2,1.1,0.2,0.7,1.7,2.7,47,0.484,0.44,148.6,10.1,18.2,14.2,9.8,10.9,0.5,3.2,33.2,-4.5,1.1,99.5,107.6,-8.1,86.8,16.2,314.1,FC,36,1,0,0,0,0,0,0,25,0,0.211,0.6,0.1,0.3,7,7,0.5,0.1,0.4,0.4,URALMASH
21,SAMSON RUZHENTSEV,PARM,30,25.3,13.2,4.9,11.2,0.435,1.4,4.4,0.318,2.1,2.5,0.84,1.1,2.8,3.8,2.4,0.9,0.4,2.3,2.1,53,0.538,0.497,159.3,5.1,13.3,9.2,17.0,15.6,1.9,1.8,27.0,-2.7,1.2,102.7,113.7,-11.0,223.1,15.9,759.8,G,97,0,0,0,0,0,0,0,32,0,0.243,1.0,0.4,0.2,11,19,0.367,0.4,0.4,0.8,PARMA BASKET PERM
22,STANLEY WHITTAKER,URAL,19,27.3,13.2,4.6,11.2,0.413,1.7,4.7,0.36,2.3,2.7,0.843,0.8,1.9,2.7,3.9,1.1,0.2,2.3,2.1,60,0.533,0.488,161.6,3.7,8.6,6.1,27.3,15.7,2.1,0.6,25.2,1.0,1.2,106.1,109.9,-3.8,148.1,15.5,518.7,G,42,1,0,0,0,0,0,0,27,0,0.306,1.7,0.5,0.2,9,10,0.474,0.7,0.5,1.2,URALMASH
23,STANLEY WHITTAKER,PARM,15,32.6,13.1,4.5,10.1,0.447,0.9,2.8,0.333,3.1,3.7,0.855,0.5,2.2,2.7,6.5,2.1,0.1,2.9,2.3,37,0.559,0.493,163.5,2.0,8.3,5.1,31.8,19.6,3.5,0.2,21.1,4.5,1.3,111.7,114.0,-2.3,165.1,16.9,489.4,G,31,1,0,0,0,0,2,0,27,0,0.359,2.3,0.7,0.4,5,10,0.333,0.9,0.2,1.2,PARMA BASKET PERM
24,KEREM KANTER,AVT,37,22.5,12.9,4.6,8.3,0.555,0.3,1.3,0.25,3.3,4.4,0.75,1.7,4.4,6.1,1.0,0.6,0.3,1.5,2.0,14,0.627,0.575,155.5,9.7,25.2,17.4,9.0,13.0,1.6,1.6,24.9,-4.0,1.5,118.9,108.3,10.6,346.3,21.7,834.0,PF,6,4,0,0,0,0,0,0,32,0,0.204,0.6,0.4,0.5,17,20,0.459,2.7,1.1,3.8,AVTODOR SARATOV
25,BRYANT CRAWFORD,AVT,41,27.2,12.9,4.2,10.4,0.407,1.6,5.2,0.307,2.8,3.2,0.871,0.8,1.9,2.6,4.2,1.2,0.0,2.7,2.3,65,0.545,0.485,158.5,3.5,8.9,6.2,29.9,18.5,2.4,0.2,25.1,0.4,1.2,105.6,111.1,-5.6,313.5,15.0,1114.4,PG,41,1,0,0,0,0,0,0,25,0,0.313,1.6,0.5,0.3,17,24,0.415,1.1,1.0,2.1,AVTODOR SARATOV
26,B.J. JOHNSON,LOK,23,22.2,12.5,4.1,9.9,0.417,1.3,3.7,0.369,2.9,3.3,0.88,0.8,3.0,3.8,1.0,1.0,0.5,1.6,2.0,44,0.55,0.485,166.6,4.2,16.1,10.2,7.9,12.1,2.3,2.2,26.0,-3.8,1.3,108.0,97.7,10.3,155.9,16.5,510.6,SF,73,0,0,0,0,0,0,0,29,0,0.169,0.6,0.6,0.3,18,5,0.783,0.8,1.4,2.2,LOKOMOTIV KUBAN
27,TYRELL NELSON,URAL,26,25.3,12.4,4.9,9.2,0.533,0.3,1.6,0.171,2.3,2.9,0.787,1.8,3.1,4.9,1.5,0.6,0.3,1.7,2.5,30,0.59,0.548,149.1,8.8,15.2,12.0,11.8,13.6,1.3,1.3,22.8,-2.6,1.3,113.0,108.8,4.2,206.9,17.6,657.7,F,34,1,0,0,0,0,0,0,26,0,0.228,0.9,0.3,0.3,13,13,0.5,1.5,0.7,2.2,URALMASH
28,RONNIE HARRELL,SAM,14,29.8,12.1,4.6,12.2,0.374,1.1,4.5,0.254,1.9,2.9,0.634,1.1,3.9,5.0,2.9,1.9,0.0,2.1,2.4,108,0.45,0.421,126.2,4.6,17.1,10.8,18.5,13.3,3.5,0.0,24.7,-0.4,1.0,95.5,105.6,-10.1,103.6,12.1,417.6,G,153,0,0,0,0,0,0,0,23,0,0.275,1.4,0.9,0.2,6,8,0.429,-0.2,0.6,0.4,SAMARA
29,CALEB AGADA,AVT,41,25.3,12.1,4.5,11.0,0.411,1.2,4.0,0.307,1.8,2.9,0.632,1.1,3.9,5.0,5.7,2.3,0.3,3.7,2.9,32,0.494,0.468,135.1,5.6,20.2,12.8,44.7,23.4,4.9,1.5,29.9,0.2,1.1,95.3,101.1,-5.9,407.1,17.4,1035.6,GF,3,9,1,0,0,0,4,0,31,0,0.374,1.5,0.6,0.3,18,23,0.439,-1.2,2.4,1.3,AVTODOR SARATOV
30,ALEKSA AVRAMOVIC,CSKA,56,20.0,12.1,3.9,8.8,0.445,1.5,4.5,0.331,2.7,3.2,0.853,0.3,2.5,2.8,3.3,1.3,0.1,1.6,1.6,8,0.59,0.53,162.9,2.2,14.9,8.9,29.3,13.6,3.5,0.8,28.2,3.0,1.4,118.1,98.2,20.0,490.1,22.6,1120.2,G,137,0,0,0,0,0,0,0,32,0,0.238,2.1,0.8,0.4,47,9,0.839,4.0,3.1,7.1,CSKA MOSCOW
31,TRENT FRAZIER,ZEN,59,26.0,11.9,3.9,8.7,0.445,2.1,5.1,0.421,2.1,2.4,0.846,0.2,1.9,2.2,4.2,0.9,0.1,1.8,2.3,38,0.61,0.567,171.2,1.2,9.0,5.2,26.9,15.4,1.9,0.2,21.2,3.8,1.4,120.3,107.0,13.4,492.4,16.9,1536.8,SG,179,0,0,0,0,0,0,0,29,0,0.269,2.3,0.5,0.3,47,12,0.797,4.8,2.4,7.1,ZENIT SAINT PETERSBURG
32,ILYA POPOV,SAM,30,23.0,11.9,4.7,9.0,0.524,0.1,0.4,0.182,2.5,4.1,0.602,2.9,2.8,5.7,1.7,0.6,0.4,3.1,2.6,55,0.554,0.528,130.8,15.0,16.0,15.5,16.9,22.3,1.4,1.8,28.3,-8.6,1.3,97.3,114.3,-17.0,207.9,15.8,688.8,C,25,1,0,0,0,0,0,0,25,0,0.249,0.5,0.2,0.5,7,23,0.233,-0.3,0.2,-0.1,SAMARA
33,ALEX HAMILTON,PARM,28,30.0,11.9,4.0,8.2,0.489,0.7,1.7,0.426,3.1,4.0,0.793,0.6,3.0,3.6,4.2,1.5,0.3,2.3,1.8,36,0.597,0.533,170.7,2.4,12.4,7.5,25.0,18.5,2.8,1.2,19.6,1.8,1.4,113.0,109.6,3.4,279.4,17.0,840.1,G,183,0,0,0,0,0,1,0,29,0,0.295,1.9,0.7,0.5,12,16,0.429,1.7,0.8,2.6,PARMA BASKET PERM
34,HAYDEN DALTON,URAL,29,22.8,11.8,3.7,8.2,0.445,1.7,4.5,0.385,2.8,3.4,0.808,0.8,4.1,4.9,2.1,0.6,0.5,1.6,2.3,26,0.607,0.55,163.8,4.6,21.5,13.3,18.2,13.8,1.3,2.3,23.6,-0.6,1.4,114.8,105.3,9.5,254.1,18.2,660.2,SF,27,1,0,0,0,0,0,0,32,0,0.213,1.4,0.4,0.4,16,13,0.552,1.6,1.2,2.7,URALMASH
35,NEMANJA DJURISIC,NIZ,44,24.6,11.5,4.6,9.0,0.518,0.9,2.6,0.354,1.4,2.4,0.561,1.3,3.1,4.4,2.6,0.7,0.1,2.5,2.5,76,0.576,0.569,143.2,7.1,17.0,12.0,20.6,20.1,1.5,0.4,24.4,-3.2,1.3,102.9,114.0,-11.0,313.1,14.4,1082.7,F,139,0,0,0,0,0,0,0,23,0,0.256,1.0,0.3,0.3,17,27,0.386,0.5,0.6,1.1,NIZHNY NOVGOROD
36,JAVONTE DOUGLAS,URAL,38,27.9,11.4,4.1,9.0,0.458,0.8,2.7,0.317,2.3,3.2,0.721,1.6,4.5,6.1,1.7,1.2,0.5,1.6,2.7,63,0.547,0.504,149.6,7.1,19.8,13.6,11.3,13.3,2.3,1.9,20.6,-1.7,1.3,108.1,104.2,3.8,335.3,15.3,1061.5,F,4,6,0,0,0,0,1,0,24,0,0.21,1.1,0.7,0.4,21,17,0.553,1.2,2.0,3.2,URALMASH
37,JAMAL JONES,AVT,44,27.5,11.4,4.2,10.2,0.409,1.7,4.7,0.359,1.4,1.8,0.75,1.0,3.3,4.3,1.5,0.8,0.6,1.0,2.8,90,0.518,0.492,151.9,4.8,15.6,10.1,10.5,8.5,1.5,2.4,20.7,-0.1,1.1,108.0,110.7,-2.7,309.3,13.4,1209.6,F,150,0,0,0,0,0,0,0,28,0,0.211,1.5,0.8,0.2,19,25,0.432,1.3,1.2,2.5,AVTODOR SARATOV
38,DUSAN BESLAC,AVT,42,29.1,11.2,3.4,7.6,0.45,1.3,3.8,0.342,3.1,3.6,0.86,1.6,2.5,4.1,0.8,0.5,0.6,0.8,2.2,71,0.611,0.535,165.1,7.2,11.1,9.1,5.1,7.9,1.0,2.5,16.1,-0.8,1.5,127.4,112.7,14.7,326.8,14.7,1220.5,PF,23,1,0,0,0,0,0,0,23,0,0.155,1.1,0.7,0.5,19,23,0.452,3.7,0.9,4.5,AVTODOR SARATOV
39,CASPER WARE,CSKA,55,22.7,11.1,3.4,8.0,0.423,1.9,5.0,0.388,2.3,2.7,0.852,0.3,1.6,1.9,3.2,0.7,0.0,1.2,1.8,35,0.599,0.544,166.3,1.6,8.6,5.3,23.3,11.5,1.7,0.1,21.9,4.2,1.4,123.1,105.9,17.3,402.4,17.2,1250.0,G,103,0,0,0,0,0,0,0,29,0,0.219,2.7,0.6,0.3,46,9,0.836,4.4,2.1,6.5,CSKA MOSCOW
40,HAYDEN DALTON,SAM,12,24.9,10.8,3.7,8.2,0.449,1.3,3.3,0.375,2.3,3.0,0.75,1.7,4.1,5.8,2.6,1.1,1.0,1.1,2.7,17,0.571,0.526,157.4,8.6,22.6,15.3,20.0,10.2,2.4,4.5,20.1,2.6,1.3,122.5,108.4,14.1,126.8,20.3,298.7,SF,54,0,0,0,0,0,0,0,19,0,0.234,2.4,1.0,0.4,5,7,0.417,1.0,0.3,1.4,SAMARA
41,ANTON KARDANAKHISHVILI,SAM,26,24.6,10.7,3.2,8.0,0.397,1.4,3.9,0.353,3.0,3.4,0.875,0.6,2.5,3.2,4.1,1.2,0.2,2.2,2.7,49,0.563,0.483,162.5,3.0,13.6,8.1,32.4,18.4,2.7,1.0,22.4,2.3,1.3,110.7,111.8,-1.1,206.3,16.1,640.4,SF,35,1,0,0,0,0,0,0,23,0,0.283,1.9,0.6,0.4,8,18,0.308,1.2,0.4,1.7,SAMARA
42,OMARI SPELLMAN,ZEN,23,23.1,10.7,4.0,7.4,0.532,1.4,2.9,0.485,1.4,2.2,0.64,0.5,2.7,3.2,0.7,0.6,0.7,1.2,1.5,51,0.637,0.626,165.7,2.9,14.0,8.6,4.7,12.7,1.4,2.9,19.5,-3.3,1.4,116.0,103.9,12.1,156.0,16.0,531.5,PF,71,0,0,0,0,0,0,0,24,0,0.151,0.5,0.5,0.3,18,5,0.783,1.2,0.9,2.1,ZENIT SAINT PETERSBURG
43,TONYE JEKIRI,CSKA,53,19.2,10.7,3.5,6.2,0.568,0.1,0.2,0.417,3.5,4.3,0.8,1.8,3.4,5.2,1.0,0.7,0.4,0.9,2.1,4,0.654,0.576,178.5,12.7,21.1,17.2,9.3,10.0,1.9,2.3,22.5,-1.2,1.7,133.4,99.9,33.5,466.0,24.1,1016.6,C,16,2,0,0,0,0,0,0,22,0,0.151,1.1,0.7,0.7,44,9,0.83,5.4,2.6,8.0,CSKA MOSCOW
44,ALEXANDER GUDUMAK,SAM,14,24.3,10.5,3.9,8.3,0.474,1.0,3.0,0.333,1.6,1.8,0.92,1.7,3.1,4.8,1.6,0.7,0.9,1.5,3.1,52,0.579,0.534,172.7,9.1,16.9,12.9,12.9,14.2,1.6,3.8,20.6,-1.7,1.3,114.4,108.0,6.4,109.4,15.9,340.8,PF,105,0,0,0,0,0,0,0,20,0,0.203,1.1,0.5,0.2,6,8,0.429,0.8,0.4,1.2,SAMARA
45,GRIGORY MOTOVILOV,AST,25,26.1,10.4,3.3,8.7,0.381,0.9,3.0,0.289,2.9,3.7,0.774,0.4,2.0,2.4,4.5,0.5,0.0,3.8,2.4,141,0.502,0.431,144.4,1.8,9.7,5.8,37.9,27.0,1.0,0.2,27.2,-3.2,1.2,87.2,128.5,-41.3,108.4,8.3,653.7,SG,68,0,0,0,0,0,0,0,23,0,0.334,1.2,0.1,0.4,2,23,0.08,-1.7,-1.0,-2.8,ASTANA TIGERS
46,AMATH M'BAYE,CSKA,55,24.0,10.3,3.6,7.3,0.494,1.1,2.8,0.385,2.1,2.5,0.837,0.6,2.2,2.8,1.5,0.9,0.4,1.3,1.9,64,0.618,0.569,171.5,3.2,11.0,7.4,10.0,13.7,2.0,1.9,19.3,-1.5,1.4,116.5,102.7,13.8,366.4,15.2,1319.6,PF,32,1,0,0,0,0,0,0,20,0,0.167,1.1,0.7,0.3,46,9,0.836,2.8,2.8,5.6,CSKA MOSCOW
47,TAHJERE MCCALL,LOK,23,21.4,10.3,2.9,7.7,0.379,0.7,2.3,0.327,3.7,4.7,0.787,0.5,1.9,2.4,3.2,1.5,0.2,1.8,3.0,61,0.526,0.427,149.2,2.6,11.4,6.8,24.6,15.8,3.6,0.9,23.8,1.3,1.3,107.1,105.1,2.0,141.8,15.3,493.3,G,82,0,0,0,0,0,0,0,21,0,0.205,1.7,0.8,0.6,12,11,0.522,0.6,0.9,1.5,LOKOMOTIV KUBAN
48,AUBREY DAWKINS,NIZ,22,22.1,10.2,3.8,8.4,0.454,1.5,3.9,0.372,1.1,1.4,0.774,0.8,2.2,3.0,1.0,0.6,0.2,1.1,2.2,89,0.564,0.541,160.0,4.8,12.9,8.8,7.8,11.2,1.5,0.9,21.7,-2.3,1.2,109.6,111.8,-2.2,116.6,13.4,486.3,F,128,0,0,0,0,0,0,0,21,0,0.163,0.8,0.5,0.2,10,12,0.455,0.6,0.4,1.1,NIZHNY NOVGOROD
49,LIVIO JEAN-CHARLES,CSKA,54,18.8,10.1,4.0,6.4,0.627,0.0,0.1,0.167,2.0,3.0,0.677,1.8,2.3,4.1,1.1,0.5,0.5,1.0,2.0,10,0.653,0.629,147.1,13.1,15.0,14.1,10.8,11.3,1.6,3.0,22.0,-1.3,1.6,128.8,102.7,26.1,424.9,22.5,1016.1,SF,90,0,0,0,0,0,0,0,19,0,0.168,1.1,0.5,0.5,45,9,0.833,4.5,2.2,6.7,CSKA MOSCOW
50,OCTAVIUS ELLIS,URAL,16,21.0,10.1,3.4,7.3,0.47,0.0,0.3,0.0,3.2,4.4,0.718,0.9,4.1,5.1,1.7,0.4,0.9,1.8,3.1,73,0.543,0.47,118.8,6.1,23.2,15.2,16.9,16.4,1.0,4.1,25.0,-3.2,1.4,103.0,108.3,-5.4,104.6,14.5,336.5,PF,38,1,0,0,0,0,0,0,19,0,0.199,0.9,0.2,0.6,7,9,0.438,0.2,0.4,0.6,URALMASH
51,MAKAR KONOVALOV,MBA,42,24.9,10.0,3.2,8.8,0.369,1.1,3.5,0.32,2.4,3.3,0.727,0.4,1.3,1.7,5.1,0.7,0.4,2.1,3.2,106,0.488,0.432,141.5,2.0,6.9,4.3,39.4,16.8,1.5,1.5,23.5,5.3,1.1,102.7,114.2,-11.5,251.1,12.2,1045.7,PG,29,1,0,0,0,0,0,0,23,0,0.318,2.4,0.3,0.4,15,27,0.357,0.5,0.5,1.0,MBA MOSCOW
52,ALEX HAMILTON,NIZ,13,26.0,9.9,3.9,8.4,0.468,0.6,2.5,0.242,1.5,2.2,0.679,0.9,4.0,4.9,4.0,1.5,0.4,2.0,1.6,46,0.532,0.505,138.9,4.9,19.6,12.6,28.1,17.6,3.1,1.6,21.0,2.6,1.2,106.0,113.4,-7.4,127.3,16.3,338.2,G,171,0,0,0,0,0,0,0,20,0,0.284,2.0,0.7,0.3,3,10,0.231,0.3,0.2,0.5,NIZHNY NOVGOROD
53,ALEX POYTHRESS,ZEN,60,19.3,9.8,3.7,6.0,0.615,0.0,0.3,0.111,2.5,3.2,0.766,1.9,3.1,5.0,0.4,0.7,0.9,0.9,2.5,5,0.666,0.617,149.1,12.6,19.3,16.1,4.0,10.9,2.0,4.9,20.4,-3.2,1.6,130.7,99.8,30.9,497.0,23.1,1160.3,F,177,0,0,0,0,0,1,0,23,0,0.136,0.5,0.8,0.5,48,12,0.8,5.0,3.0,8.0,ZENIT SAINT PETERSBURG
54,TONY TAYLOR,UNI,29,24.0,9.8,3.2,7.5,0.431,1.2,3.6,0.343,2.1,2.4,0.87,0.6,1.6,2.2,4.3,1.0,0.0,1.0,2.2,28,0.572,0.514,164.4,3.1,8.6,5.8,28.6,10.5,2.4,0.0,18.7,8.0,1.3,128.8,103.8,25.0,240.4,17.9,697.2,PG,21,1,0,0,0,0,0,0,23,0,0.248,4.3,1.0,0.3,23,6,0.793,2.9,1.3,4.2,UNICS KAZAN
55,ALEXANDER ZAKHAROV,PARM,44,23.3,9.3,3.3,7.5,0.432,1.3,4.0,0.324,1.5,2.1,0.713,1.0,2.5,3.4,1.1,0.5,0.1,1.0,3.0,107,0.551,0.518,146.9,5.2,13.1,9.1,8.1,10.1,1.3,0.4,19.1,-1.0,1.2,110.0,115.1,-5.1,219.0,12.2,1025.9,GF,111,0,0,0,0,0,0,0,23,0,0.151,1.1,0.6,0.3,16,28,0.364,1.3,0.4,1.7,PARMA BASKET PERM
56,ALEXEY SHVED,ZEN,33,19.8,9.0,2.9,7.6,0.384,1.5,4.4,0.349,1.7,2.1,0.797,0.3,1.8,2.2,5.1,0.5,0.3,1.8,1.7,31,0.531,0.486,153.0,2.2,11.1,6.8,45.1,17.9,1.4,1.7,25.3,8.0,1.2,113.2,106.9,6.3,248.1,17.5,652.4,G,19,2,0,0,0,0,0,0,22,0,0.275,2.8,0.3,0.3,26,7,0.788,1.7,1.0,2.7,ZENIT SAINT PETERSBURG
57,ALEXANDR CHADOV,NIZ,48,23.6,9.0,3.3,6.8,0.491,0.8,2.2,0.356,1.6,2.2,0.736,2.0,2.6,4.6,1.4,0.6,0.4,0.8,2.4,54,0.584,0.548,158.2,11.1,15.0,13.0,10.3,8.9,1.4,1.6,17.1,0.7,1.3,124.2,114.1,10.1,356.3,15.8,1132.3,F,18,2,0,0,0,0,0,0,24,0,0.165,1.8,0.8,0.3,19,29,0.396,3.3,0.6,3.8,NIZHNY NOVGOROD
58,ISMAEL BAKO,UNI,49,23.1,8.9,3.4,5.0,0.68,0.0,0.0,0.0,2.0,2.6,0.792,2.8,3.7,6.5,0.7,0.8,1.2,0.8,1.9,11,0.72,0.68,147.2,15.3,20.6,17.9,4.9,11.4,1.8,5.9,14.0,-1.4,1.8,143.8,98.5,45.2,524.9,22.0,1130.6,C,5,5,0,0,0,0,1,0,18,0,0.134,0.9,1.0,0.5,37,12,0.755,5.1,3.1,8.2,UNICS KAZAN
59,ILYA PLATONOV,SAM,11,22.6,8.8,2.5,5.5,0.45,1.4,2.9,0.469,2.5,3.3,0.778,0.9,3.6,4.5,0.7,0.6,0.1,1.3,1.7,84,0.64,0.575,169.7,5.0,22.4,13.2,6.9,15.6,1.5,0.4,17.6,-3.4,1.6,111.7,130.6,-18.8,71.0,13.8,248.6,SF,160,0,0,0,0,0,0,0,14,0,0.138,0.6,0.5,0.6,1,10,0.091,0.4,-0.5,-0.1,SAMARA
60,ALEXANDER KHOMENKO,NIZ,46,23.2,8.8,2.8,6.8,0.413,1.2,3.0,0.41,2.0,2.4,0.804,0.7,2.9,3.5,3.3,1.1,0.0,1.7,2.7,80,0.561,0.505,162.7,3.8,16.7,10.2,24.5,18.1,2.5,0.1,19.7,2.1,1.3,111.5,111.5,0.0,320.5,14.1,1067.6,G,20,1,0,0,0,0,2,0,26,0,0.216,1.9,0.6,0.4,19,27,0.413,1.8,0.9,2.7,NIZHNY NOVGOROD
61,ANDREY MARTYUK,LOK,47,16.2,8.6,3.4,7.1,0.485,0.5,1.6,0.297,1.3,1.8,0.698,1.7,3.3,5.0,1.0,0.4,0.6,1.1,2.2,22,0.546,0.518,148.0,12.8,25.0,18.9,11.3,11.9,1.3,3.8,24.4,-2.3,1.2,111.0,101.0,10.1,312.0,18.9,761.8,F,8,3,0,0,0,0,0,0,27,0,0.146,0.9,0.4,0.3,31,16,0.66,1.4,1.8,3.2,LOKOMOTIV KUBAN
62,VINCE HUNTER,ZEN,58,19.4,8.4,3.2,5.2,0.613,0.0,0.0,0.0,2.1,3.2,0.661,2.0,3.5,5.5,1.1,1.1,0.9,0.9,2.6,7,0.643,0.613,127.5,13.3,22.0,17.8,9.9,12.6,3.2,4.5,18.5,-1.0,1.6,128.8,97.0,31.8,513.6,22.8,1125.5,F,13,2,0,0,0,0,1,1,19,0,0.143,1.2,1.2,0.6,46,12,0.793,4.4,3.3,7.7,ZENIT SAINT PETERSBURG
63,IGOR VOLKHIN,NIZ,14,24.8,8.4,2.8,7.2,0.386,1.2,4.6,0.266,1.6,2.0,0.821,0.9,3.6,4.5,1.0,0.6,0.5,1.0,2.1,118,0.521,0.47,147.3,5.0,19.7,12.3,7.0,11.0,1.4,2.2,17.6,-1.4,1.2,106.9,108.8,-1.8,83.3,11.3,346.5,PF,108,0,0,0,0,0,0,0,26,0,0.137,1.0,0.6,0.3,7,7,0.5,0.3,0.4,0.7,NIZHNY NOVGOROD
64,ILYA POPOV,URAL,15,16.5,8.4,3.1,5.1,0.61,0.0,0.1,0.0,2.1,3.6,0.593,1.9,1.8,3.7,1.0,0.6,0.1,1.7,2.3,41,0.625,0.61,120.3,14.7,13.1,13.9,12.8,20.5,1.9,0.8,24.1,-6.4,1.6,108.1,114.4,-6.3,79.3,16.8,247.6,C,181,0,0,0,0,0,0,0,26,0,0.156,0.6,0.3,0.7,7,8,0.467,0.3,0.1,0.4,URALMASH
65,VLADISLAV TRUSHKIN,MBA,46,25.9,8.3,3.0,7.8,0.389,1.6,4.5,0.353,0.7,0.9,0.75,1.2,3.1,4.3,2.1,1.0,0.6,1.4,2.7,110,0.507,0.49,149.2,5.9,16.0,10.8,15.3,14.5,2.2,2.5,17.7,0.1,1.1,102.0,109.6,-7.6,309.3,11.9,1190.0,PF,72,0,0,0,0,0,1,1,29,0,0.197,1.5,0.8,0.1,16,30,0.348,0.3,1.3,1.6,MBA MOSCOW
66,KARVEL ANDERSON,LOK,22,16.6,8.3,2.7,6.7,0.401,1.9,4.5,0.42,1.0,1.1,0.917,0.5,1.6,2.2,0.9,0.5,0.0,0.7,1.3,78,0.578,0.544,173.8,4.2,11.7,8.1,8.2,9.2,1.4,0.0,21.2,-0.9,1.2,115.9,107.6,8.3,100.3,14.3,365.6,G,88,0,0,0,0,0,0,0,20,0,0.112,1.2,0.6,0.2,18,4,0.818,0.9,0.5,1.3,LOKOMOTIV KUBAN
67,SERGEY BALASHOV,ENI,43,21.8,8.2,3.1,5.3,0.588,0.0,0.1,0.333,2.0,2.7,0.754,2.1,2.8,4.9,1.7,0.4,0.3,1.7,2.3,48,0.639,0.591,167.6,11.9,16.6,14.2,15.1,21.1,1.1,1.5,17.8,-2.8,1.6,116.5,114.2,2.2,300.5,16.2,938.1,FC,10,3,0,0,0,0,0,0,20,0,0.182,1.0,0.2,0.5,13,30,0.302,2.1,0.4,2.5,ENISEY KRASNOYARSK
68,JAMES MURRAY-BOYLES,AST,6,22.5,7.8,2.7,6.3,0.421,0.8,1.3,0.625,1.7,2.0,0.833,1.0,2.7,3.7,1.0,0.8,0.0,0.7,2.3,96,0.543,0.487,187.9,5.2,15.9,10.2,10.3,8.5,2.1,0.0,18.1,0.0,1.2,107.9,128.8,-20.9,32.0,12.8,134.8,F,162,0,0,0,0,0,0,0,18,0,0.167,1.5,1.3,0.3,0,6,0.0,0.2,-0.3,-0.1,ASTANA TIGERS
69,OKARO WHITE,ZEN,30,20.2,7.7,1.9,5.3,0.367,1.2,3.2,0.385,2.6,3.4,0.782,0.8,2.6,3.4,0.9,0.7,0.2,0.6,2.6,82,0.573,0.484,153.5,5.0,15.3,10.3,7.4,7.7,1.8,1.0,17.4,0.3,1.5,122.5,106.1,16.4,155.4,14.0,606.6,F,119,0,0,0,0,0,0,0,17,0,0.099,1.6,1.2,0.6,23,7,0.767,1.6,1.0,2.6,ZENIT SAINT PETERSBURG
70,ISAIAH WHALEY,LOK,54,19.9,7.7,2.5,6.0,0.414,0.6,2.1,0.31,2.0,2.7,0.743,1.4,3.8,5.1,0.9,0.7,1.1,0.9,2.0,58,0.531,0.468,146.7,8.4,22.9,15.6,6.9,10.9,1.8,5.6,18.1,-1.5,1.3,111.6,98.5,13.1,384.8,15.6,1076.3,F,28,1,0,0,0,0,0,0,22,0,0.111,1.0,0.8,0.5,38,16,0.704,1.6,2.9,4.5,LOKOMOTIV KUBAN
71,ANTON ASTAPKOVICH,CSKA,57,21.0,7.6,2.6,5.4,0.476,1.2,2.8,0.449,1.2,1.4,0.897,0.9,2.8,3.7,1.6,0.8,0.2,1.1,1.7,66,0.634,0.591,182.3,5.6,16.2,11.2,12.1,15.5,2.0,0.8,16.2,-0.1,1.4,121.4,101.1,20.4,377.3,15.0,1198.2,GF,107,0,0,0,0,0,0,0,18,0,0.138,1.5,0.7,0.3,48,9,0.842,2.9,2.9,5.8,CSKA MOSCOW
72,CHARLES MANNING JR.,AVT,24,23.2,7.6,2.9,6.8,0.429,0.9,2.6,0.355,0.9,1.1,0.778,0.4,1.8,2.2,2.2,1.1,0.3,1.6,2.6,129,0.523,0.497,156.2,2.1,10.3,6.1,17.2,18.2,2.5,1.6,18.0,-0.7,1.1,98.6,109.5,-10.9,109.6,10.2,556.6,,114,0,0,0,0,0,0,0,24,0,0.189,1.4,0.7,0.2,11,13,0.458,-0.1,0.6,0.5,AVTODOR SARATOV
73,GLEB GOLDYREV,SAM,37,25.2,7.6,2.7,7.0,0.388,1.6,4.7,0.337,0.6,1.2,0.535,0.8,1.5,2.3,0.8,0.6,0.0,0.9,2.8,158,0.509,0.502,126.0,3.7,8.0,5.7,6.0,10.4,1.3,0.1,15.7,-1.4,1.1,100.2,120.4,-20.2,110.6,7.2,930.8,F,133,0,0,0,0,0,0,0,24,0,0.139,0.9,0.7,0.2,9,28,0.243,0.0,-0.4,-0.4,SAMARA
74,EVGENY VORONOV,MBA,43,20.1,7.5,2.5,5.9,0.421,0.8,2.2,0.355,1.8,2.6,0.699,0.6,1.2,1.8,1.5,0.9,0.1,1.4,2.6,125,0.537,0.486,147.5,3.7,8.0,5.8,13.7,17.0,2.6,0.4,20.0,-2.3,1.3,100.9,112.2,-11.3,146.6,10.5,863.6,G,62,0,0,0,0,0,0,0,20,0,0.149,1.0,0.6,0.4,16,27,0.372,0.1,0.6,0.8,MBA MOSCOW
75,MAXIM BARASHKOV,MBA,39,20.9,7.5,2.8,6.2,0.45,1.2,3.5,0.343,0.7,0.9,0.778,0.6,2.3,2.9,1.3,0.4,0.2,0.7,1.3,99,0.568,0.548,157.1,3.8,14.7,9.0,11.7,10.1,1.1,1.1,16.7,0.5,1.2,112.9,114.3,-1.4,210.5,12.6,815.4,SF,37,1,0,0,0,0,0,0,19,0,0.153,1.7,0.6,0.1,13,26,0.333,1.2,0.4,1.6,MBA MOSCOW
76,DANILA POKHODIAEV,AST,39,27.9,7.5,2.8,8.1,0.354,1.3,4.6,0.292,0.5,0.6,0.75,0.8,4.2,5.0,0.9,0.4,0.3,1.1,0.9,149,0.45,0.436,139.6,3.8,18.1,11.1,7.1,11.7,0.8,1.0,16.8,-1.7,0.9,86.7,123.6,-36.8,206.8,7.7,1089.6,PF,39,1,0,0,0,0,0,0,18,0,0.164,0.9,0.4,0.1,2,37,0.051,-1.7,-1.0,-2.6,ASTANA TIGERS
77,ANDREI SOPIN,SAM,42,25.4,7.3,2.5,8.3,0.306,1.2,4.5,0.273,1.0,1.3,0.792,0.7,2.2,2.9,3.7,1.0,0.1,2.6,2.2,161,0.411,0.379,137.1,3.5,11.7,7.3,28.8,22.6,2.2,0.4,21.5,-0.4,0.9,82.8,120.4,-37.6,174.1,6.6,1065.3,PG,14,2,0,0,0,0,0,0,27,0,0.256,1.4,0.4,0.2,7,35,0.167,-2.9,-0.5,-3.4,SAMARA
78,DMITRY SONKO,ENI,42,19.0,7.2,2.4,6.4,0.379,1.3,3.6,0.353,1.1,1.3,0.839,0.6,1.1,1.7,0.8,0.5,0.0,1.0,2.2,136,0.518,0.478,157.2,3.9,7.7,5.8,7.6,13.0,1.5,0.3,20.0,-2.9,1.1,102.7,117.1,-14.3,107.3,9.1,798.8,F,155,0,0,0,0,0,0,0,21,0,0.122,0.7,0.5,0.2,13,29,0.31,0.3,0.0,0.3,ENISEY KRASNOYARSK
79,ANTON KARDANAKHISHVILI,URAL,18,22.3,7.2,2.1,5.6,0.37,1.0,2.9,0.346,2.1,2.6,0.809,0.4,1.7,2.1,3.1,0.9,0.1,2.8,2.6,150,0.539,0.46,152.5,2.2,9.2,5.8,24.1,29.7,2.1,0.2,20.2,-3.4,1.3,91.2,110.0,-18.8,66.1,7.7,400.7,SF,85,0,0,0,0,0,0,0,17,0,0.193,1.1,0.3,0.5,9,9,0.5,-0.5,0.4,-0.1,URALMASH
80,KIRILL ELATONCEV,LOK,49,20.2,7.2,2.5,4.3,0.585,0.3,0.5,0.52,1.8,2.5,0.732,1.6,2.8,4.5,0.7,0.5,1.1,0.8,2.2,45,0.659,0.616,183.7,9.8,17.2,13.5,5.8,12.2,1.3,5.4,13.6,-1.2,1.7,130.0,102.8,27.1,352.1,16.5,988.9,C,91,0,0,0,0,0,0,1,16,0,0.108,1.0,0.7,0.6,33,16,0.673,2.9,2.1,5.0,LOKOMOTIV KUBAN
81,ALEKSA STEPANOVIC,ENI,41,22.8,7.0,2.7,6.6,0.416,0.4,1.7,0.229,1.2,1.8,0.681,1.4,3.1,4.5,1.1,0.9,0.6,1.3,2.5,117,0.481,0.446,132.5,7.5,17.4,12.4,9.5,15.0,2.2,2.5,18.1,-2.4,1.1,97.9,110.1,-12.2,215.3,11.3,933.8,F,26,1,0,0,0,0,0,0,18,0,0.149,0.9,0.7,0.3,13,28,0.317,-0.2,0.9,0.7,ENISEY KRASNOYARSK
82,GEORGY ZHBANOV,ZEN,59,19.8,6.9,2.5,5.2,0.479,1.1,2.9,0.365,0.8,1.4,0.61,1.4,2.0,3.4,1.2,1.3,0.3,0.6,2.3,42,0.591,0.579,145.3,8.8,12.3,10.6,9.7,8.7,3.5,1.7,15.4,1.2,1.3,126.2,100.6,25.6,378.5,16.7,1168.5,SG,51,0,0,0,0,0,1,0,20,0,0.123,2.2,2.3,0.3,48,11,0.814,3.4,2.9,6.2,ZENIT SAINT PETERSBURG
83,ILIA KARPENKOV,NIZ,47,15.5,6.7,2.8,4.7,0.607,0.0,0.1,0.143,1.0,1.3,0.831,1.5,1.7,3.3,1.4,0.3,0.3,1.1,2.4,34,0.645,0.61,158.1,13.2,15.0,14.1,17.6,17.8,1.0,1.9,19.5,-1.1,1.4,120.8,114.5,6.3,248.1,17.4,730.0,C,115,0,0,0,0,0,0,0,20,0,0.149,1.3,0.2,0.3,19,28,0.404,2.1,0.3,2.5,NIZHNY NOVGOROD
84,ANDREY LOPATIN,UNI,50,20.9,6.7,2.2,4.7,0.472,1.1,2.8,0.403,1.1,1.3,0.851,1.2,1.9,3.1,1.5,0.9,0.2,0.9,2.3,83,0.634,0.592,172.6,7.3,11.9,9.6,10.4,15.2,2.4,0.9,13.8,0.2,1.4,126.0,102.5,23.5,289.4,13.9,1043.2,F,120,0,0,0,0,0,0,0,30,0,0.118,1.6,1.0,0.3,38,12,0.76,2.7,2.3,4.9,UNICS KAZAN
85,EVGENII BABURIN,NIZ,37,25.0,6.6,2.1,5.6,0.38,1.7,4.6,0.379,0.6,0.9,0.706,0.4,1.5,1.9,1.7,1.2,0.1,0.8,2.2,133,0.552,0.534,146.4,2.2,8.2,5.2,11.0,12.2,2.6,0.2,13.1,1.3,1.2,112.3,114.5,-2.1,171.5,9.5,923.7,SG,148,0,0,0,0,0,0,0,23,0,0.134,2.1,1.4,0.2,15,22,0.405,1.0,0.4,1.4,NIZHNY NOVGOROD
86,DANIL PEVNEV,MBA,46,15.9,6.6,2.2,4.7,0.461,0.7,2.1,0.327,1.6,2.1,0.768,0.5,2.1,2.6,0.5,0.5,0.3,0.9,2.3,92,0.589,0.535,155.6,4.0,17.5,10.5,6.4,13.4,1.7,1.9,19.5,-3.3,1.4,109.6,110.7,-1.1,169.1,13.0,731.7,F,158,0,0,0,0,0,0,0,19,0,0.103,0.6,0.6,0.4,16,30,0.348,0.9,0.7,1.6,MBA MOSCOW
87,VYACHESLAV ZAYTSEV,URAL,30,21.1,6.6,2.3,5.9,0.398,0.5,1.6,0.286,1.5,1.9,0.759,0.8,2.9,3.7,2.1,0.8,0.3,1.0,1.3,93,0.491,0.438,144.2,4.8,16.7,10.7,16.6,13.0,2.2,1.5,17.3,1.8,1.1,104.4,102.5,2.0,179.8,13.0,634.2,G,77,0,0,0,0,0,0,0,22,0,0.156,2.1,0.8,0.3,16,14,0.533,0.4,1.3,1.7,URALMASH
88,ALEXANDER SHASHKOV,PARM,37,16.6,6.6,2.6,5.5,0.48,0.7,1.9,0.352,0.7,0.9,0.735,1.2,2.4,3.6,0.9,0.5,0.4,0.9,1.7,59,0.562,0.542,156.8,9.2,18.2,13.7,9.9,13.2,1.8,2.4,19.3,-1.6,1.2,111.1,112.2,-1.1,196.8,15.6,612.4,C,52,0,0,0,0,0,0,0,22,0,0.12,1.1,0.6,0.2,15,22,0.405,0.9,0.5,1.4,PARMA BASKET PERM
89,SERGEY DOLININ,ENI,45,19.0,6.4,2.5,5.5,0.458,0.4,1.4,0.328,0.9,1.3,0.719,1.8,3.3,5.2,0.6,0.7,0.6,1.0,2.8,79,0.527,0.498,150.5,12.1,22.4,17.2,6.5,14.4,2.0,3.5,17.9,-3.2,1.2,106.9,108.9,-2.0,255.1,14.3,852.9,F,129,0,0,0,0,0,0,0,16,0,0.121,0.6,0.7,0.2,14,31,0.311,0.7,1.0,1.8,ENISEY KRASNOYARSK
90,VLADISLAV IEMCHENKO,LOK,55,15.6,6.4,2.2,5.2,0.433,0.6,2.1,0.287,1.3,2.1,0.649,0.7,1.2,1.9,2.2,0.9,0.1,1.1,1.7,81,0.528,0.491,136.9,5.0,9.6,7.3,22.8,15.7,2.9,0.4,20.3,2.0,1.2,108.0,103.7,4.3,246.8,14.1,860.6,G,74,0,0,0,0,0,0,0,19,0,0.146,2.0,0.8,0.4,37,18,0.673,1.0,1.7,2.7,LOKOMOTIV KUBAN
91,DMITRY KULAGIN,UNI,48,21.2,6.4,2.3,5.8,0.4,1.0,3.0,0.343,0.7,1.0,0.739,0.5,2.2,2.7,3.5,0.6,0.1,0.9,1.7,94,0.511,0.488,148.2,3.0,13.4,8.2,24.7,12.5,1.6,0.5,15.6,6.8,1.1,118.1,103.8,14.3,302.0,12.9,1018.7,SG,44,1,0,0,0,0,0,0,23,0,0.188,3.9,0.7,0.2,37,11,0.771,2.1,2.0,4.1,UNICS KAZAN
92,LOUIS LABEYRIE,UNI,23,16.4,6.4,2.1,4.0,0.527,1.0,2.2,0.46,1.1,1.4,0.788,1.6,2.7,4.3,0.9,0.3,0.1,0.4,0.7,20,0.684,0.651,177.5,12.6,20.2,16.5,8.5,8.5,1.2,0.8,14.7,0.9,1.6,143.9,102.5,41.4,160.1,19.6,376.3,PF,154,0,0,0,0,0,0,0,18,0,0.099,2.0,0.8,0.4,17,6,0.739,1.8,0.8,2.6,UNICS KAZAN
93,DMITRIY KHVOSTOV,NIZ,30,18.8,6.4,2.2,5.1,0.438,1.3,3.2,0.406,0.6,0.8,0.783,0.3,1.3,1.6,3.8,0.7,0.0,1.4,2.0,88,0.585,0.565,162.7,1.8,9.5,5.6,33.7,20.9,2.0,0.0,17.2,6.0,1.2,115.5,110.3,5.3,168.1,13.5,565.5,G,138,0,0,0,0,0,0,0,16,0,0.208,2.7,0.5,0.2,15,15,0.5,1.2,0.5,1.8,NIZHNY NOVGOROD
94,NIKITA KOSYAKOV,SAM,15,18.6,6.3,2.6,4.8,0.542,0.1,0.3,0.25,1.1,1.3,0.8,1.5,2.3,3.7,0.6,0.3,0.2,0.8,2.1,104,0.588,0.549,159.2,9.1,16.5,12.5,7.7,12.9,1.0,1.1,15.6,-2.1,1.3,110.6,126.2,-15.5,70.0,12.3,279.0,F,147,0,0,0,0,0,0,0,17,0,0.143,0.8,0.4,0.3,1,14,0.067,0.3,-0.4,0.0,SAMARA
95,GALIN SMITH,AST,40,18.4,6.3,2.7,4.9,0.562,0.0,0.0,0.0,0.9,1.8,0.479,1.5,2.9,4.4,0.9,0.4,1.0,1.7,2.6,100,0.559,0.562,104.1,10.3,18.9,14.7,11.4,22.7,1.1,5.2,19.6,-5.8,1.3,93.7,120.2,-26.6,197.6,12.5,737.9,F,17,2,0,0,0,0,0,0,19,0,0.157,0.5,0.2,0.4,2,38,0.05,-0.7,-0.3,-1.0,ASTANA TIGERS
96,ALEXANDER PETENEV,AVT,43,23.6,6.3,2.2,5.4,0.397,0.8,2.7,0.298,1.1,1.3,0.845,0.8,2.3,3.1,1.2,1.0,0.3,0.9,2.7,132,0.518,0.47,154.1,4.2,12.7,8.4,8.7,12.8,2.4,1.4,13.8,-0.3,1.1,106.1,108.9,-2.7,193.0,9.8,1013.1,F,173,0,0,0,0,0,0,0,17,0,0.124,1.4,1.2,0.2,18,25,0.419,0.6,1.3,1.8,AVTODOR SARATOV
97,MATIC REBEC,NIZ,11,19.3,6.2,1.9,6.6,0.288,0.8,4.2,0.196,1.5,2.0,0.773,0.5,2.3,2.8,3.1,0.9,0.0,2.3,1.6,153,0.411,0.349,125.6,3.6,16.0,9.6,28.2,23.2,2.7,0.0,24.7,-1.1,0.9,84.0,106.9,-22.8,39.8,7.6,212.0,PG,167,0,0,0,0,0,0,0,16,0,0.185,1.4,0.4,0.3,4,7,0.364,-0.6,0.3,-0.3,NIZHNY NOVGOROD
98,EVGENIY BELYANKOV,URAL,41,19.3,6.1,2.0,4.8,0.414,1.1,2.9,0.373,1.0,1.3,0.782,1.3,1.8,3.1,0.6,0.4,0.1,0.6,2.6,124,0.565,0.525,156.9,8.3,11.4,9.9,5.0,9.4,1.0,0.5,14.7,-1.0,1.3,116.8,111.4,5.4,156.1,10.5,789.4,PF,55,0,0,0,0,0,0,0,19,0,0.093,1.0,0.7,0.3,20,21,0.488,1.3,0.7,2.0,URALMASH
99,DANIIL KASATKIN,MBA,45,18.7,6.0,1.9,5.7,0.333,0.6,2.2,0.26,1.6,2.2,0.713,0.4,1.6,2.1,2.7,0.4,0.0,1.6,2.0,154,0.446,0.384,130.6,2.9,11.7,7.1,26.3,19.4,1.3,0.1,21.3,0.9,1.0,91.5,114.1,-22.6,136.1,7.5,840.7,PG,142,0,0,0,0,0,0,0,18,0,0.176,1.7,0.3,0.4,16,29,0.356,-1.1,0.4,-0.7,MBA MOSCOW
100,DMITRII KHALDEEV,AVT,35,15.5,5.9,2.5,4.5,0.551,0.0,0.0,0.0,0.9,1.3,0.733,1.5,1.6,3.1,0.6,0.4,0.1,0.7,1.9,70,0.582,0.551,128.4,12.2,13.7,13.0,8.1,12.8,1.5,0.8,17.9,-2.1,1.3,115.4,114.0,1.5,147.9,14.8,543.3,C,83,0,0,0,0,0,0,0,17,0,0.118,0.8,0.6,0.3,13,22,0.371,1.0,0.3,1.3,AVTODOR SARATOV
101,VLADISLAV BLIZNYUK,ENI,45,19.9,5.9,2.0,5.8,0.34,1.1,3.4,0.32,0.9,1.0,0.83,0.3,1.3,1.5,2.1,0.3,0.0,1.4,1.6,160,0.47,0.433,149.0,1.7,8.2,4.9,18.9,17.7,0.8,0.0,18.3,0.2,1.0,95.9,118.4,-22.5,117.1,6.8,895.4,PG,60,0,0,0,0,0,0,0,16,0,0.155,1.5,0.2,0.2,14,31,0.311,-0.5,-0.1,-0.6,ENISEY KRASNOYARSK
102,EGOR AMOSOV,SAM,34,21.6,5.9,2.1,6.0,0.353,1.2,3.6,0.323,0.5,0.7,0.667,0.6,2.9,3.5,1.5,1.0,0.3,1.6,2.4,152,0.466,0.451,134.2,3.2,18.3,10.2,13.9,20.4,2.6,1.4,17.4,-2.9,1.0,84.9,118.2,-33.3,132.3,7.6,734.1,F,96,0,0,0,0,0,1,0,14,0,0.151,0.9,0.6,0.1,6,28,0.176,-1.4,-0.1,-1.5,SAMARA
103,ARTEM ANTIPOV,NIZ,43,18.2,5.8,2.0,4.1,0.494,0.5,1.4,0.361,1.3,1.7,0.733,1.6,1.7,3.3,0.4,0.5,0.3,0.7,2.2,97,0.6,0.557,158.8,12.0,12.5,12.3,4.1,12.2,1.4,1.8,14.5,-2.1,1.4,120.7,115.3,5.4,189.9,12.7,781.3,F,80,0,0,0,0,0,0,0,13,0,0.087,0.7,0.7,0.4,16,27,0.372,1.6,0.3,1.9,NIZHNY NOVGOROD
104,KASEY SHEPHERD,NIZ,10,13.9,5.8,2.2,5.5,0.4,0.8,2.1,0.381,0.6,0.8,0.75,0.4,1.4,1.8,2.5,1.0,0.0,1.2,1.5,68,0.496,0.473,153.1,3.6,12.8,8.1,31.7,17.0,3.9,0.0,23.5,3.3,1.1,103.9,103.1,0.8,43.8,14.9,138.9,G,56,0,0,0,0,0,0,0,20,0,0.162,2.1,0.8,0.1,6,4,0.6,0.1,0.3,0.4,NIZHNY NOVGOROD
105,SERGEY KARASEV,ZEN,50,18.5,5.8,1.9,4.1,0.456,1.2,2.9,0.42,0.9,1.0,0.86,0.3,2.2,2.5,1.4,1.0,0.3,0.3,2.1,69,0.639,0.603,173.5,2.1,14.5,8.5,11.2,7.0,2.9,1.4,12.5,3.1,1.4,134.7,99.4,35.3,276.0,14.8,923.6,SF,118,0,0,0,0,0,0,0,27,0,0.106,4.0,2.9,0.2,42,8,0.84,2.8,2.4,5.2,ZENIT SAINT PETERSBURG
106,IEVGEN MINCENKO,MBA,44,13.5,5.8,2.2,3.3,0.667,0.0,0.2,0.111,1.4,1.9,0.714,2.0,2.9,4.8,0.3,0.3,0.5,0.6,1.7,12,0.699,0.67,149.2,18.2,28.3,23.1,4.1,13.0,1.3,3.6,16.7,-3.2,1.8,133.4,108.5,25.0,277.5,22.0,594.3,C,9,3,0,0,0,0,0,0,19,0,0.093,0.4,0.5,0.6,16,28,0.364,2.4,0.8,3.2,MBA MOSCOW
107,ALEXANDER GUDUMAK,LOK,18,15.5,5.7,2.4,4.2,0.573,0.4,0.9,0.438,0.6,0.8,0.667,0.4,1.4,1.8,0.8,0.4,0.2,0.8,2.6,122,0.631,0.62,167.8,3.6,10.8,7.3,8.3,15.5,1.3,1.4,15.1,-1.7,1.4,113.2,107.5,5.7,55.4,10.8,279.6,PF,130,0,0,0,0,0,0,0,13,0,0.1,1.0,0.5,0.2,13,5,0.722,0.4,0.4,0.8,LOKOMOTIV KUBAN
108,RUSTAM MURZAGALIYEV,AST,36,26.4,5.6,1.9,6.6,0.286,1.4,5.1,0.28,0.4,0.5,0.833,0.5,1.9,2.4,2.3,0.6,0.0,1.9,2.6,175,0.411,0.393,139.9,2.3,8.5,5.4,18.1,21.9,1.3,0.1,16.4,-1.4,0.8,76.9,125.4,-48.4,76.5,3.3,951.0,PG,49,0,0,0,0,0,0,0,14,0,0.189,1.2,0.3,0.1,2,34,0.056,-2.6,-1.2,-3.7,ASTANA TIGERS
109,ASKAR MAYDEKIN,AST,40,12.9,5.5,1.6,3.4,0.485,0.0,0.1,0.2,2.2,2.9,0.774,0.6,1.9,2.5,0.5,0.5,0.4,1.4,2.7,109,0.596,0.489,145.9,6.0,17.9,11.9,8.4,22.6,1.9,2.9,22.9,-8.1,1.6,98.3,122.3,-24.0,102.1,12.1,514.5,C,132,0,0,0,0,0,0,0,16,0,0.093,0.4,0.3,0.9,2,38,0.05,-0.1,-0.4,-0.5,ASTANA TIGERS
110,MAXIM LICHUTIN,MBA,31,14.9,5.5,1.9,4.6,0.406,0.5,1.9,0.267,1.2,1.6,0.76,0.4,0.8,1.2,1.5,0.6,0.1,1.3,2.5,138,0.515,0.462,143.2,3.2,6.9,5.0,18.7,19.9,2.2,0.4,21.0,-2.0,1.2,96.8,114.3,-17.5,62.0,8.6,462.8,PG,180,0,0,0,0,0,0,0,17,0,0.124,1.2,0.4,0.3,12,19,0.387,-0.2,0.2,0.0,MBA MOSCOW
111,MIKHAIL BELENITSKII,UNI,45,20.8,5.5,1.8,4.6,0.401,0.9,2.6,0.336,0.9,1.4,0.631,1.1,2.6,3.7,1.4,1.3,0.2,0.7,2.6,105,0.522,0.495,136.8,6.7,15.7,11.2,9.6,11.3,3.4,1.2,13.1,1.1,1.2,115.2,97.9,17.3,245.4,12.3,937.8,SG,86,0,0,0,0,0,0,0,20,0,0.104,2.0,2.0,0.3,34,11,0.756,1.3,2.6,4.0,UNICS KAZAN
112,IVAN UKHOV,CSKA,50,16.4,5.4,1.9,3.8,0.508,1.2,2.4,0.512,0.3,0.4,0.8,0.8,2.2,2.9,2.0,1.1,0.1,0.8,2.7,40,0.681,0.67,182.0,6.3,16.0,11.4,19.0,17.4,3.7,1.0,14.0,3.0,1.4,130.3,97.6,32.7,292.3,16.8,818.3,SF,159,0,0,0,0,0,0,0,20,0,0.129,2.4,1.3,0.1,41,9,0.82,2.6,2.4,5.0,CSKA MOSCOW
113,VLADISLAV PEREVALOV,ENI,33,13.4,5.3,1.7,4.4,0.377,0.9,2.8,0.33,1.1,1.3,0.837,0.2,1.0,1.2,0.4,0.3,0.1,0.5,1.2,126,0.534,0.479,154.4,2.3,9.5,5.8,5.6,9.3,1.3,0.5,19.6,-1.9,1.2,109.0,117.9,-8.9,69.9,10.5,443.1,G,98,0,0,0,0,0,0,0,23,0,0.079,0.8,0.6,0.3,9,24,0.273,0.5,0.0,0.5,ENISEY KRASNOYARSK
114,IVAN BELOUSOV,MBA,42,16.0,5.3,2.0,4.8,0.423,0.6,1.7,0.342,0.7,0.8,0.879,0.4,1.2,1.6,1.5,0.4,0.1,1.4,2.0,147,0.52,0.485,164.4,2.8,10.1,6.3,18.3,21.8,1.2,0.8,19.6,-2.6,1.1,93.3,114.1,-20.9,97.1,7.8,670.2,SG,141,0,0,0,0,0,0,0,16,0,0.135,1.1,0.3,0.2,15,27,0.357,-0.6,0.3,-0.3,MBA MOSCOW
115,KIRILL TEMIROV,LOK,50,14.9,5.3,1.5,3.8,0.403,0.4,1.6,0.268,1.8,2.1,0.849,0.5,1.1,1.7,1.2,1.0,0.1,0.7,2.2,95,0.56,0.461,152.0,4.3,9.1,6.7,12.7,12.8,3.4,0.4,16.1,0.8,1.4,116.5,102.7,13.9,175.0,12.9,745.9,G,168,0,0,0,0,0,0,0,14,0,0.091,1.8,1.4,0.6,32,18,0.64,1.4,1.6,3.0,LOKOMOTIV KUBAN
116,VLADISLAV ODINOKOV,ENI,45,16.7,5.1,1.7,3.8,0.434,0.9,2.3,0.381,0.9,1.0,0.891,1.0,1.4,2.3,0.3,0.2,0.1,0.3,1.5,114,0.598,0.549,170.6,7.1,10.4,8.7,3.1,6.8,0.7,0.8,13.1,-0.7,1.3,127.6,117.4,10.2,153.3,11.4,752.5,C,102,0,0,0,0,0,0,0,17,0,0.074,0.9,0.7,0.3,14,31,0.311,1.8,0.0,1.8,ENISEY KRASNOYARSK
117,ANDREY VORONTSEVICH,ZEN,60,18.9,5.1,1.8,3.9,0.476,1.2,2.7,0.457,0.2,0.3,0.8,0.9,2.5,3.4,1.2,0.6,0.4,0.4,1.7,85,0.644,0.636,173.3,5.9,16.0,11.1,9.4,9.5,1.6,2.1,11.1,1.9,1.3,133.5,103.4,30.1,341.4,13.7,1133.3,F,50,0,0,0,0,0,0,0,18,0,0.099,2.8,1.4,0.1,48,12,0.8,3.0,2.3,5.3,ZENIT SAINT PETERSBURG
118,JAKEENAN GANT,NIZ,12,14.6,5.0,1.9,3.6,0.535,0.4,1.3,0.333,0.8,1.0,0.75,1.0,1.6,2.6,0.2,0.8,0.6,0.5,1.3,62,0.621,0.593,161.8,8.3,13.9,11.0,2.0,11.1,2.8,4.3,14.4,-2.6,1.4,119.8,102.4,17.4,53.5,15.3,175.2,F,122,0,0,0,0,0,0,0,10,0,0.073,0.3,1.5,0.3,6,6,0.5,0.4,0.3,0.7,NIZHNY NOVGOROD
119,IVAN PYNKO,SAM,28,17.4,4.9,1.6,4.8,0.338,0.4,1.9,0.192,1.3,1.7,0.766,1.0,2.6,3.6,0.9,1.0,0.1,1.1,2.6,139,0.442,0.376,129.7,6.6,20.1,13.0,9.3,16.3,3.0,0.4,17.7,-2.7,1.0,91.1,110.4,-19.3,89.1,8.6,488.6,F,104,0,0,0,0,0,0,0,13,0,0.098,0.8,0.9,0.4,7,21,0.25,-0.5,0.4,-0.1,SAMARA
120,ANTON KVITKOVSKY,LOK,53,13.7,4.8,1.7,3.7,0.462,0.5,1.5,0.342,0.8,1.1,0.754,1.0,1.8,2.8,0.8,0.6,0.3,0.6,2.2,87,0.567,0.53,155.8,8.4,16.6,12.5,8.9,12.2,2.4,2.0,15.5,-0.6,1.3,116.2,101.2,15.0,206.9,13.6,723.7,F,89,0,0,0,0,0,0,0,21,0,0.082,1.3,1.1,0.3,35,18,0.66,1.3,1.7,3.0,LOKOMOTIV KUBAN
121,PASHA ISMAILOV,MBA,17,19.2,4.6,1.8,4.8,0.383,0.5,1.4,0.333,0.5,0.8,0.692,1.6,2.1,3.8,1.0,0.5,0.6,0.9,2.3,131,0.455,0.432,140.8,10.3,14.6,12.4,9.8,14.7,1.5,3.4,15.0,-1.1,1.0,97.4,108.5,-11.0,70.9,9.8,326.0,F,161,0,0,0,0,0,0,0,11,0,0.112,1.1,0.6,0.2,6,11,0.353,0.0,0.4,0.3,MBA MOSCOW
122,ANDREI DESIATNIKOV,AST,37,14.6,4.6,2.0,3.6,0.564,0.0,0.1,0.0,0.5,1.5,0.37,1.7,2.8,4.4,0.6,0.4,0.8,0.9,1.8,67,0.542,0.564,93.4,14.2,22.6,18.4,10.1,17.8,1.3,5.3,17.5,-3.5,1.3,99.6,116.8,-17.2,185.5,14.9,539.4,C,113,0,0,0,0,0,0,0,12,0,0.118,0.7,0.4,0.4,2,35,0.054,0.0,0.0,0.0,ASTANA TIGERS
123,STANISLAV ILNITSKIY,PARM,49,24.7,4.6,1.5,3.6,0.423,0.8,2.0,0.41,0.7,1.0,0.723,1.1,2.8,3.9,1.1,0.6,0.2,0.6,3.2,144,0.57,0.54,155.6,5.8,14.0,9.9,6.7,13.7,1.3,1.1,8.9,0.4,1.3,117.1,114.3,2.8,216.4,8.1,1210.0,PF,125,0,0,0,0,0,0,0,14,0,0.09,1.7,0.9,0.3,19,30,0.388,1.4,0.6,1.9,PARMA BASKET PERM
124,TIMOFEY YAKUSHIN,PARM,46,15.7,4.5,1.6,4.6,0.351,0.9,2.5,0.36,0.4,0.7,0.606,0.2,1.3,1.5,1.8,0.6,0.1,1.4,2.1,163,0.463,0.448,131.6,1.2,10.7,6.0,18.2,21.8,2.0,0.9,19.1,-1.2,1.0,86.8,113.5,-26.8,95.4,6.5,720.3,G,67,0,0,0,0,0,0,0,19,0,0.117,1.3,0.4,0.2,18,28,0.391,-1.3,0.4,-0.9,PARMA BASKET PERM
125,KIRILL PISKLOV,URAL,43,15.3,4.4,1.5,3.3,0.468,0.9,2.1,0.418,0.5,0.7,0.7,0.7,1.3,2.1,0.8,0.6,0.0,0.6,1.3,111,0.619,0.603,158.6,6.0,10.7,8.4,9.4,13.5,2.2,0.0,12.8,0.0,1.4,119.3,110.3,9.0,158.5,11.9,659.9,SG,78,0,0,0,0,0,0,0,16,0,0.087,1.5,1.1,0.2,21,22,0.488,1.1,0.7,1.8,URALMASH
126,JOHN JENKINS,LOK,17,13.5,4.4,1.5,4.1,0.371,0.8,2.4,0.341,0.5,0.6,0.9,0.2,1.1,1.2,0.5,0.1,0.0,0.4,1.1,156,0.504,0.471,161.3,1.5,10.3,5.7,6.4,8.6,0.5,0.0,15.7,-0.4,1.1,104.4,112.7,-8.4,29.8,7.3,228.9,SG,163,0,0,0,0,0,0,0,12,0,0.07,1.3,0.3,0.1,10,7,0.588,0.1,0.2,0.3,LOKOMOTIV KUBAN
127,ROMAN ZAGRETDINOV,ENI,44,14.0,4.4,1.8,3.5,0.513,0.0,0.0,1.0,0.8,1.3,0.614,2.0,2.2,4.2,0.3,0.3,0.5,0.7,2.2,72,0.542,0.516,212.7,17.8,20.3,19.0,4.0,14.5,1.1,4.0,16.0,-3.5,1.3,112.3,110.9,1.4,189.6,14.6,617.9,C,30,1,0,0,0,0,0,0,14,0,0.079,0.4,0.4,0.4,14,30,0.318,0.9,0.6,1.5,ENISEY KRASNOYARSK
128,MIKHAIL VEDISHCHEV,LOK,29,9.8,4.3,1.6,3.3,0.464,0.6,1.5,0.364,0.7,1.0,0.69,0.2,0.7,0.9,1.7,0.3,0.0,1.0,1.2,103,0.574,0.546,151.7,2.1,8.9,5.5,26.7,20.9,1.4,0.0,21.5,1.0,1.3,106.7,106.5,0.2,72.1,12.3,285.3,PG,59,0,0,0,0,0,0,0,17,0,0.102,1.7,0.3,0.3,21,8,0.724,0.3,0.5,0.7,LOKOMOTIV KUBAN
129,DANILA CHIKAREV,SAM,22,19.7,4.3,1.4,4.2,0.337,0.5,1.7,0.324,0.9,1.2,0.741,1.5,1.7,3.2,1.1,0.6,0.1,0.6,2.3,140,0.452,0.402,140.2,8.9,11.1,10.0,10.7,11.9,1.6,0.5,12.8,0.6,1.0,103.3,114.7,-11.4,77.6,8.3,433.4,F,152,0,0,0,0,0,0,0,12,0,0.104,1.8,0.9,0.3,5,17,0.227,0.2,0.1,0.3,SAMARA
130,IVAN PYNKO,URAL,14,11.1,4.1,1.4,2.9,0.488,0.2,0.9,0.231,1.1,1.5,0.714,0.5,1.2,1.7,0.6,0.8,0.0,0.9,2.4,116,0.577,0.524,143.3,5.9,13.2,9.7,10.1,19.3,3.8,0.0,18.8,-3.8,1.4,104.0,101.1,3.0,30.1,11.4,154.9,F,87,0,0,0,0,0,0,0,13,0,0.074,0.8,0.9,0.5,9,5,0.643,0.1,0.4,0.4,URALMASH
131,EGOR KOULECHOV,AVT,14,12.1,4.1,1.4,3.6,0.38,0.9,2.3,0.406,0.5,0.6,0.875,0.7,1.2,1.9,0.5,0.4,0.0,0.6,2.1,130,0.542,0.51,166.1,7.2,13.3,10.1,7.5,13.0,1.6,0.0,17.1,-2.0,1.2,107.5,110.6,-3.0,29.8,9.9,169.5,SF,145,0,0,0,0,0,0,0,17,0,0.07,0.9,0.6,0.2,5,9,0.357,0.2,0.1,0.3,AVTODOR SARATOV
132,DANIL SHEYANOV,LOK,20,10.2,4.0,1.5,2.7,0.556,0.3,0.6,0.545,0.7,1.1,0.636,0.7,1.0,1.7,0.6,0.5,0.5,0.5,1.7,50,0.628,0.611,173.7,8.1,11.3,9.7,9.1,12.4,2.5,4.9,15.5,-0.5,1.5,123.0,101.6,21.4,65.5,16.1,204.3,F,79,0,0,0,0,0,0,0,11,0,0.066,1.3,1.1,0.4,13,7,0.65,0.5,0.5,1.0,LOKOMOTIV KUBAN
133,SEMEN ANTONOV,CSKA,57,14.7,4.0,1.4,2.9,0.485,0.8,1.9,0.44,0.3,0.3,0.842,0.5,1.2,1.7,0.7,0.4,0.4,0.3,1.7,112,0.644,0.629,176.8,4.6,10.2,7.6,7.0,8.8,1.4,3.2,10.9,1.1,1.4,130.9,103.6,27.3,194.4,11.6,839.0,SF,134,0,0,0,0,0,0,0,16,0,0.069,2.3,1.3,0.1,48,9,0.842,1.9,1.7,3.6,CSKA MOSCOW
134,SERGEY ZOTKIN,NIZ,47,15.0,4.0,1.4,3.8,0.376,0.5,1.7,0.305,0.6,0.6,0.9,0.3,1.1,1.4,2.5,0.5,0.0,1.7,2.3,162,0.486,0.447,158.1,2.3,10.4,6.3,27.2,29.0,2.0,0.2,18.2,0.1,1.0,91.7,115.0,-23.3,106.3,6.5,706.1,G,143,0,0,0,0,0,0,0,25,0,0.138,1.5,0.3,0.2,19,28,0.404,-0.8,0.3,-0.6,NIZHNY NOVGOROD
135,SERGEY TOPOROV,UNI,46,12.4,3.8,1.2,2.5,0.504,0.1,0.3,0.357,1.3,1.7,0.744,0.9,1.6,2.5,0.7,0.5,0.1,0.7,2.0,98,0.601,0.527,160.5,9.2,16.0,12.6,8.2,16.9,2.2,0.8,14.5,-1.5,1.6,119.6,101.1,18.5,140.5,12.7,569.5,SF,43,1,0,0,0,0,1,0,20,0,0.061,1.1,0.8,0.7,37,9,0.804,1.2,1.3,2.5,UNICS KAZAN
136,ARTEM KLIMENKO,AVT,33,14.2,3.8,1.3,2.1,0.6,0.0,0.0,0.0,1.2,1.7,0.702,1.1,2.2,3.3,0.6,0.5,0.4,1.0,3.2,121,0.652,0.6,130.2,9.5,20.3,14.8,7.3,26.3,1.9,3.2,12.9,-4.4,1.8,109.6,107.3,2.3,102.9,10.9,467.1,C,169,0,0,0,0,0,0,0,10,0,0.069,0.6,0.5,0.8,14,19,0.424,0.4,0.7,1.1,AVTODOR SARATOV
137,ALEXANDER SHCHERBENEV,ZEN,37,9.5,3.8,1.1,2.6,0.429,0.6,1.6,0.397,0.9,1.1,0.78,0.1,0.8,0.9,1.8,0.4,0.0,0.7,1.0,57,0.599,0.546,160.6,1.1,10.3,6.0,28.7,18.9,2.3,0.3,19.4,4.8,1.4,118.9,101.2,17.6,112.6,15.6,353.3,PG,165,0,0,0,0,0,0,0,17,0,0.094,2.4,0.6,0.4,31,6,0.838,1.0,0.8,1.8,ZENIT SAINT PETERSBURG
138,IGOR NOVIKOV,URAL,37,15.1,3.7,1.3,3.4,0.376,0.6,1.9,0.306,0.6,0.7,0.88,0.3,1.1,1.4,1.8,0.8,0.0,0.9,1.6,134,0.507,0.464,156.2,2.7,8.8,5.8,19.9,19.0,2.8,0.0,14.4,2.4,1.1,102.8,107.4,-4.7,111.6,9.5,557.7,G,144,0,0,0,0,0,1,0,11,0,0.111,2.1,0.9,0.2,20,17,0.541,0.2,0.8,1.0,URALMASH
139,NYSIER BROOKS,SAM,13,11.1,3.7,0.9,2.3,0.4,0.0,0.0,0.0,1.8,2.8,0.667,1.1,1.8,2.9,0.4,0.5,0.3,1.2,1.7,119,0.524,0.4,106.7,12.6,21.8,17.2,5.7,24.7,2.3,3.0,20.1,-8.2,1.6,95.7,106.7,-11.0,33.0,11.0,144.8,C,58,0,0,0,0,0,0,0,10,0,0.048,0.3,0.4,1.2,5,8,0.385,-0.1,0.2,0.1,SAMARA
140,NIKITA KURBANOV,CSKA,49,16.5,3.7,1.3,2.7,0.477,0.2,0.9,0.261,0.9,1.0,0.843,0.9,2.9,3.8,1.3,0.5,0.2,0.5,1.6,102,0.587,0.523,158.1,7.4,21.2,14.8,11.7,14.6,1.6,1.1,10.5,2.1,1.4,127.2,99.2,28.0,244.6,12.3,807.3,F,127,0,0,0,0,0,0,0,10,0,0.085,2.5,0.9,0.4,42,7,0.857,1.8,2.1,3.9,CSKA MOSCOW
141,VITALIIUS PRANAUSKIS,AVT,42,13.6,3.6,1.4,3.6,0.375,0.5,1.6,0.328,0.4,0.6,0.667,0.2,0.7,1.0,1.5,0.6,0.0,1.3,2.1,171,0.468,0.447,137.0,2.2,6.8,4.5,19.5,24.6,2.3,0.0,17.9,-1.8,1.0,86.4,111.1,-24.7,51.5,5.3,570.6,SG,64,0,0,0,0,0,0,0,15,0,0.107,1.2,0.5,0.2,18,24,0.429,-1.0,0.5,-0.5,AVTODOR SARATOV
142,ANTON GLAZUNOV,URAL,30,15.0,3.5,1.1,3.5,0.321,0.5,2.0,0.25,0.7,0.9,0.815,0.3,0.5,0.7,2.7,0.3,0.0,1.1,1.2,159,0.445,0.392,138.6,2.2,3.7,2.9,30.6,21.4,1.0,0.0,15.7,5.0,1.0,96.3,112.9,-16.6,74.4,7.0,449.3,PG,48,0,0,0,0,0,0,0,10,0,0.143,2.6,0.3,0.3,15,15,0.5,-0.2,0.3,0.1,URALMASH
143,ARTEM PIVTSAIKIN,SAM,11,12.4,3.5,1.3,2.8,0.452,0.4,1.5,0.25,0.5,0.5,1.0,0.2,0.9,1.1,0.8,0.5,0.0,1.2,1.6,164,0.565,0.516,170.2,1.8,10.5,5.8,14.0,27.9,2.4,0.0,16.8,-5.1,1.2,86.4,131.1,-44.8,15.0,6.5,136.4,-,70,0,0,0,0,0,0,0,15,0,0.091,0.7,0.5,0.2,1,10,0.091,-0.2,-0.3,-0.5,SAMARA
144,RUSLAN ABDULBASIROV,CSKA,18,7.5,3.4,1.2,2.2,0.55,0.4,0.7,0.538,0.6,0.6,0.909,0.4,1.1,1.6,0.4,0.3,0.4,0.2,0.2,6,0.68,0.638,199.8,8.4,17.6,13.4,7.6,6.3,2.4,6.8,16.8,1.2,1.5,141.6,88.1,53.5,65.9,22.8,135.4,FC,170,0,0,0,0,0,0,0,15,0,0.048,2.3,2.0,0.3,18,0,1.0,0.6,0.6,1.2,CSKA MOSCOW
145,VSEVOLOD ISHCHENKO,LOK,22,10.6,3.3,1.1,2.4,0.453,0.1,0.2,0.4,1.0,1.4,0.767,0.5,1.0,1.5,1.3,0.5,0.0,0.8,1.6,113,0.551,0.472,161.9,5.1,11.8,8.4,19.7,21.4,2.6,0.4,16.1,0.5,1.4,106.7,100.6,6.1,55.8,11.6,233.2,SG,76,0,0,0,0,0,1,0,15,0,0.082,1.6,0.7,0.6,15,7,0.682,0.2,0.6,0.8,LOKOMOTIV KUBAN
146,DIMITRI UZINSKIY,LOK,50,12.5,3.3,1.2,2.3,0.522,0.3,0.8,0.342,0.6,0.7,0.861,0.7,1.2,1.9,0.4,0.5,0.1,0.3,1.9,123,0.627,0.578,172.5,6.7,11.3,9.0,4.6,10.9,2.1,0.8,10.4,-0.5,1.4,127.3,104.4,23.0,127.8,10.6,626.2,F,100,0,0,0,0,0,0,0,15,0,0.052,1.2,1.6,0.3,34,16,0.68,1.3,1.2,2.4,LOKOMOTIV KUBAN
147,EGOR RYZHOV,ZEN,29,7.6,3.1,1.1,1.8,0.604,0.0,0.0,0.0,0.9,1.4,0.675,0.9,0.8,1.7,0.3,0.4,0.2,0.6,1.2,27,0.644,0.604,127.9,16.6,12.3,14.3,5.6,18.5,2.7,2.9,18.8,-4.9,1.7,122.1,96.7,25.3,72.5,18.2,219.9,PF,146,0,0,0,0,0,0,0,23,0,0.043,0.5,0.7,0.8,27,2,0.931,0.7,0.7,1.3,ZENIT SAINT PETERSBURG
148,VLADIMIR KARPENKO,CSKA,36,8.2,3.1,1.2,2.8,0.412,0.4,1.5,0.302,0.3,0.4,0.733,0.2,0.5,0.7,0.9,0.7,0.0,0.5,1.1,91,0.511,0.49,144.7,3.4,6.8,5.3,17.7,14.9,4.8,0.0,20.8,1.2,1.1,104.5,93.3,11.2,69.1,13.1,293.5,F,172,0,0,0,0,0,0,0,13,0,0.066,1.8,1.4,0.1,35,1,0.972,0.2,1.0,1.2,CSKA MOSCOW
149,ARTEM KOMOLOV,UNI,40,11.1,3.1,1.0,2.5,0.41,0.7,1.9,0.351,0.4,0.4,0.882,0.4,0.7,1.1,0.9,0.4,0.1,0.3,1.4,128,0.572,0.54,164.4,4.0,8.0,6.0,11.2,10.8,1.7,0.7,12.7,2.3,1.2,124.0,103.7,20.2,88.1,10.4,443.8,SG,185,0,0,0,0,0,0,0,14,0,0.06,2.7,1.1,0.2,34,6,0.85,0.9,0.9,1.8,UNICS KAZAN
150,DANILA SLETKOV,SAM,12,14.5,3.0,1.3,2.6,0.516,0.0,0.0,0.0,0.3,0.7,0.5,0.8,1.4,2.3,0.3,0.1,1.2,0.7,3.0,157,0.521,0.516,101.6,6.8,14.0,10.1,4.8,18.8,0.3,8.6,11.8,-3.0,1.2,93.2,129.0,-35.8,25.5,7.3,174.5,SG,45,0,0,0,0,0,0,0,9,0,0.073,0.5,0.1,0.3,1,11,0.083,-0.1,-0.3,-0.4,SAMARA
151,YEGOR SYCHKOV,AVT,39,12.0,3.0,0.9,2.2,0.419,0.4,1.2,0.313,0.7,1.0,0.744,0.5,1.1,1.5,0.5,0.4,0.1,0.5,2.0,145,0.562,0.506,147.5,4.8,11.3,8.0,6.5,16.2,1.9,1.0,12.4,-1.7,1.3,107.8,109.1,-1.3,64.6,8.0,467.6,F,149,0,0,0,0,0,0,0,15,0,0.052,0.9,0.8,0.5,16,23,0.41,0.3,0.6,0.9,AVTODOR SARATOV
152,DMITRII CHEBURKIN,PARM,39,12.4,2.9,1.2,2.1,0.573,0.3,0.8,0.4,0.2,0.4,0.571,0.7,1.2,1.9,0.6,0.4,0.2,0.3,2.1,120,0.647,0.646,154.5,7.2,11.7,9.5,7.2,11.1,1.8,1.3,9.7,0.7,1.4,129.7,113.7,16.0,102.8,11.0,485.1,SF,109,0,0,0,0,0,0,0,10,0,0.061,2.0,1.5,0.2,17,22,0.436,1.0,0.3,1.3,PARMA BASKET PERM
153,ARTEM SHLEGEL,ENI,19,11.0,2.9,1.0,2.4,0.413,0.4,1.1,0.35,0.5,1.1,0.5,0.4,1.5,1.8,0.1,0.7,0.2,0.7,1.9,155,0.502,0.489,126.3,4.3,18.1,11.0,1.7,20.3,3.5,1.5,15.6,-6.2,1.2,88.1,114.7,-26.6,27.0,7.4,208.4,G,151,0,0,0,0,0,1,0,9,0,0.042,0.1,0.9,0.4,4,15,0.211,-0.3,0.1,-0.2,ENISEY KRASNOYARSK
154,VLADISLAV KARPOV,SAM,14,7.4,2.8,0.9,2.6,0.324,0.6,1.6,0.348,0.5,0.6,0.875,0.0,0.4,0.4,0.1,0.1,0.0,0.2,1.1,170,0.481,0.432,154.7,0.0,6.7,3.0,2.3,6.9,1.0,0.0,19.6,-2.2,1.1,93.0,130.5,-37.5,4.5,5.4,103.4,F,47,0,0,0,0,0,0,0,10,0,0.043,0.3,0.7,0.2,0,14,0.0,-0.1,-0.2,-0.3,SAMARA
155,ZAKHAR VEDISHCHEV,ENI,21,9.7,2.8,0.9,3.6,0.25,0.3,1.7,0.2,0.6,0.8,0.813,0.1,0.5,0.6,0.7,0.2,0.0,0.7,0.6,180,0.349,0.296,126.3,1.8,6.3,4.0,12.8,15.3,1.1,0.0,23.0,-2.9,0.8,74.7,119.3,-44.6,2.0,1.6,204.7,G,157,0,0,0,0,0,0,0,9,0,0.063,0.9,0.3,0.2,6,15,0.286,-0.8,-0.1,-0.9,ENISEY KRASNOYARSK
156,RUSLAN AITKALI,AST,40,12.6,2.8,1.0,2.9,0.351,0.7,2.1,0.31,0.1,0.2,0.5,0.4,0.9,1.3,0.4,0.3,0.1,0.5,2.2,173,0.468,0.465,116.0,4.0,8.4,6.2,5.8,14.5,1.3,1.0,13.5,-2.1,1.0,85.9,125.9,-39.9,30.3,4.0,502.9,F,182,0,0,0,0,0,0,0,11,0,0.06,0.7,0.6,0.1,2,38,0.05,-0.7,-0.6,-1.3,ASTANA TIGERS
157,ALEXANDR ORAZBEKOV,AST,31,16.1,2.7,0.8,3.1,0.258,0.2,1.2,0.184,0.9,1.2,0.778,0.3,1.0,1.3,2.9,0.5,0.1,2.8,2.2,181,0.377,0.294,122.0,2.5,7.3,4.9,36.5,43.5,1.8,0.6,19.6,-5.3,0.9,63.4,125.7,-62.2,21.5,0.2,500.5,G,112,0,0,0,0,0,0,0,12,0,0.171,1.0,0.2,0.4,1,30,0.032,-2.9,-0.6,-3.5,ASTANA TIGERS
158,MAGZHAN SARSENGALIEV,AST,17,12.8,2.7,0.8,3.7,0.206,0.4,1.5,0.231,0.8,1.0,0.824,0.1,0.9,1.0,1.6,0.1,0.0,2.8,2.0,186,0.326,0.254,126.1,1.2,8.0,4.7,25.3,40.0,0.5,0.0,27.3,-13.5,0.7,50.1,127.3,-77.2,-29.4,-7.4,216.8,-,106,0,0,0,0,0,0,0,10,0,0.106,0.6,0.0,0.3,1,16,0.059,-2.2,-0.3,-2.5,ASTANA TIGERS
159,ALEXANDER GANKEVICH,CSKA,21,8.2,2.7,1.1,2.1,0.545,0.0,0.0,0.0,0.4,0.9,0.444,1.1,1.0,2.1,0.8,0.2,0.2,0.5,1.4,74,0.539,0.545,99.0,19.0,15.6,17.2,13.7,17.5,1.3,3.4,17.4,-0.2,1.3,117.7,97.3,20.4,55.3,14.4,171.8,SF,140,0,0,0,0,0,0,0,10,0,0.058,1.5,0.4,0.4,20,1,0.952,0.4,0.5,0.9,CSKA MOSCOW
160,OLEG AKRAMOV,URAL,23,7.6,2.6,1.0,2.2,0.431,0.3,1.1,0.269,0.4,0.4,0.9,0.3,0.8,1.1,0.5,0.3,0.0,0.2,0.9,101,0.542,0.5,160.1,5.3,13.3,9.4,12.0,8.3,1.9,0.0,16.8,1.7,1.2,114.6,110.4,4.2,41.8,12.4,174.1,SF,184,0,0,0,0,0,0,0,18,0,0.053,2.4,1.2,0.2,12,11,0.522,0.3,0.2,0.5,URALMASH
161,GLEB SHEIKO,MBA,26,10.5,2.4,0.8,2.4,0.333,0.7,2.0,0.353,0.1,0.2,0.5,0.1,0.6,0.7,0.3,0.3,0.0,0.4,1.7,174,0.48,0.476,118.6,0.9,7.8,4.1,5.4,13.2,1.8,0.4,13.1,-1.7,1.0,89.7,115.8,-26.1,13.0,4.0,274.2,SF,66,0,0,0,0,0,0,0,18,0,0.045,0.8,0.9,0.1,7,19,0.269,-0.2,0.0,-0.2,MBA MOSCOW
162,GRIGORY TUCHKOV,PARM,39,7.6,2.4,0.9,2.4,0.389,0.2,0.7,0.241,0.3,0.4,0.706,0.2,0.3,0.5,0.7,0.3,0.0,0.9,1.0,172,0.454,0.426,133.7,3.3,5.5,4.4,16.0,25.5,2.2,0.0,21.9,-5.4,1.0,79.7,115.7,-36.0,18.1,4.6,298.2,G,61,0,0,0,0,0,0,0,13,0,0.058,0.8,0.3,0.2,13,26,0.333,-1.0,0.1,-0.9,PARMA BASKET PERM
163,DENIS ZAKHAROV,ZEN,41,9.9,2.3,0.7,2.1,0.33,0.5,1.8,0.278,0.4,0.5,0.81,0.3,0.7,1.0,0.6,0.2,0.0,0.3,1.6,168,0.488,0.443,141.7,3.4,8.2,5.9,8.4,12.6,1.3,0.0,13.0,0.3,1.1,104.5,105.4,-0.9,38.6,5.8,407.5,PG,164,0,0,0,0,0,0,0,17,0,0.043,1.6,0.7,0.2,32,9,0.78,0.2,0.7,0.9,ZENIT SAINT PETERSBURG
164,NIKITA MIKHAILOVSKII,CSKA,15,7.1,2.3,0.6,1.1,0.563,0.1,0.5,0.286,0.9,1.3,0.737,0.5,1.4,1.9,0.9,0.0,0.3,0.3,1.0,39,0.698,0.625,158.5,8.9,26.4,17.7,16.2,17.0,0.0,4.8,12.8,3.4,2.1,143.0,98.3,44.7,42.1,16.8,106.0,F,135,0,0,0,0,0,0,0,11,0,0.044,2.6,0.0,1.2,14,1,0.933,0.5,0.3,0.8,CSKA MOSCOW
165,GLEB FIRSOV,PARM,32,5.7,2.2,0.8,1.6,0.5,0.0,0.0,0.0,0.5,0.9,0.607,0.6,0.8,1.3,0.5,0.3,0.1,0.4,1.1,75,0.536,0.5,110.7,12.3,16.5,14.4,15.8,17.9,2.4,1.8,20.4,-1.8,1.3,105.7,110.9,-5.2,50.5,14.4,182.7,C,65,0,0,0,0,0,0,0,8,0,0.047,1.1,0.6,0.5,11,21,0.344,0.2,0.2,0.3,PARMA BASKET PERM
166,VADIM CHSHERBAK,AST,40,14.7,2.2,0.8,2.8,0.295,0.4,1.8,0.222,0.1,0.2,0.571,0.3,1.2,1.5,0.6,0.4,0.1,0.7,1.8,179,0.374,0.366,108.8,2.6,9.7,6.2,8.1,19.6,1.3,0.8,12.1,-2.1,0.8,70.8,125.0,-54.2,26.1,1.9,587.0,GF,57,0,0,0,0,0,0,0,12,0,0.063,0.9,0.5,0.1,2,38,0.05,-1.5,-0.6,-2.1,ASTANA TIGERS
167,VIKTOR KASHIN,SAM,26,15.5,2.0,0.8,2.9,0.276,0.3,1.8,0.191,0.1,0.3,0.25,0.2,1.1,1.3,1.8,0.7,0.1,1.9,2.1,183,0.333,0.336,71.8,1.7,9.4,5.2,21.7,38.1,2.3,0.5,15.1,-4.5,0.7,58.8,124.0,-65.2,9.0,-0.3,404.2,SG,123,0,0,0,0,0,0,0,10,0,0.112,0.9,0.3,0.1,3,23,0.115,-2.0,-0.4,-2.3,SAMARA
168,LEV SVININ,PARM,37,8.7,2.0,0.8,1.7,0.453,0.2,1.0,0.25,0.2,0.3,0.8,0.7,0.4,1.1,0.4,0.3,0.1,0.4,1.2,135,0.548,0.523,150.3,10.5,5.7,8.1,7.0,16.0,1.7,1.7,12.1,-1.1,1.2,111.7,117.2,-5.4,55.0,9.3,321.7,F,174,0,0,0,0,0,0,0,8,0,0.041,1.1,0.8,0.2,12,25,0.324,0.3,0.0,0.4,PARMA BASKET PERM
169,GEORGY MARUFOV,SAM,12,9.5,2.0,0.8,2.0,0.375,0.1,0.9,0.091,0.4,0.5,0.833,0.3,1.0,1.3,0.6,0.4,0.1,1.1,1.7,177,0.45,0.396,129.9,4.3,14.9,9.2,13.2,32.8,2.4,0.9,16.9,-7.3,1.0,70.4,130.1,-59.7,6.8,2.9,114.3,-,81,0,0,0,0,0,0,0,11,0,0.061,0.5,0.4,0.3,0,12,0.0,-0.4,-0.2,-0.6,SAMARA
170,IGOR VOLKHIN,ZEN,16,6.6,1.9,0.7,1.2,0.579,0.3,0.8,0.333,0.3,0.4,0.833,0.4,0.8,1.1,0.1,0.1,0.1,0.3,0.8,115,0.716,0.684,174.6,7.4,14.4,10.9,1.3,15.6,0.5,1.0,11.5,-3.2,1.6,130.1,104.6,25.5,22.5,11.4,105.4,PF,94,0,0,0,0,0,0,0,9,0,0.023,0.3,0.3,0.3,16,0,1.0,0.3,0.2,0.4,ZENIT SAINT PETERSBURG
171,YEGOR SOROKIN,MBA,15,8.6,1.9,0.7,1.6,0.417,0.3,0.7,0.364,0.3,0.8,0.417,0.7,0.7,1.4,0.2,0.0,0.1,0.2,1.3,165,0.495,0.5,119.7,9.7,11.1,10.4,4.0,9.3,0.0,0.7,11.8,-0.8,1.2,107.8,116.6,-8.7,15.8,6.4,129.3,F,93,0,0,0,0,0,0,0,6,0,0.033,1.0,0.0,0.5,4,11,0.267,0.1,0.0,0.1,MBA MOSCOW
172,ALEKSANDR PLATUNOV,UNI,22,11.1,1.9,0.6,1.9,0.341,0.4,1.2,0.308,0.3,0.3,1.0,0.1,0.4,0.5,1.4,0.5,0.0,0.3,1.2,146,0.481,0.439,164.9,1.1,4.8,2.9,16.8,12.1,2.3,0.5,9.7,5.9,1.0,119.6,106.3,13.3,39.8,7.9,243.3,G,116,0,0,0,0,0,0,0,8,0,0.063,5.0,1.7,0.1,19,3,0.864,0.4,0.4,0.7,UNICS KAZAN
173,SARDAL ABASHIDZE,AST,21,8.9,1.9,0.7,1.6,0.455,0.0,0.3,0.143,0.4,0.9,0.474,0.1,0.7,0.8,0.4,0.1,0.0,0.5,1.3,176,0.484,0.47,107.1,1.3,9.6,5.5,9.0,19.5,0.6,0.5,13.2,-2.5,1.2,84.2,129.5,-45.3,8.9,3.2,187.7,-,176,0,0,0,0,0,0,0,8,0,0.049,0.8,0.2,0.6,1,20,0.048,-0.3,-0.3,-0.6,ASTANA TIGERS
174,VLADIMIR IVLEV,URAL,36,14.7,1.9,0.8,1.8,0.476,0.0,0.1,0.0,0.2,0.6,0.381,1.1,2.4,3.5,0.9,0.4,0.3,0.6,2.0,142,0.471,0.476,85.7,9.0,20.3,14.7,10.3,21.7,1.6,1.9,8.3,0.5,1.1,102.9,104.5,-1.6,121.4,8.3,529.6,F,101,0,0,0,0,0,0,0,8,0,0.065,1.7,0.8,0.3,20,16,0.556,0.1,1.0,1.1,URALMASH
175,IVAN EGOROV,PARM,14,6.5,1.6,0.5,2.0,0.25,0.1,0.5,0.286,0.5,0.5,1.0,0.0,0.2,0.2,0.3,0.2,0.0,0.6,0.6,184,0.37,0.286,153.6,0.0,4.1,2.1,6.7,22.5,1.8,0.0,21.1,-6.9,0.8,67.2,118.9,-51.7,-4.9,-0.4,91.1,G,53,0,0,0,0,0,0,0,7,0,0.027,0.4,0.3,0.3,4,10,0.286,-0.4,0.0,-0.5,PARMA BASKET PERM
176,VLADISLAV ISAENKO,AST,35,11.8,1.6,0.7,2.0,0.333,0.2,0.9,0.242,0.1,0.2,0.5,0.3,1.0,1.3,0.5,0.4,0.1,0.7,1.7,178,0.398,0.391,107.6,3.5,9.9,6.7,7.8,26.6,2.0,1.0,11.6,-3.7,0.8,68.5,122.2,-53.7,20.5,2.1,414.1,-,166,0,0,0,0,0,0,0,10,0,0.051,0.6,0.6,0.1,2,33,0.057,-1.1,-0.3,-1.4,ASTANA TIGERS
177,PAVEL ZAKHAROV,NIZ,20,5.4,1.6,0.6,1.1,0.545,0.0,0.1,0.0,0.4,0.6,0.636,0.3,0.7,1.0,0.1,0.2,0.1,0.3,0.6,127,0.577,0.545,118.2,7.6,16.6,12.1,3.1,15.7,1.5,2.0,14.0,-3.4,1.4,107.3,112.4,-5.2,22.1,10.4,108.1,C,95,0,0,0,0,0,0,0,10,0,0.025,0.4,0.6,0.5,8,12,0.4,0.1,0.1,0.2,NIZHNY NOVGOROD
178,KIRILL MIKHEEV,URAL,12,8.1,1.5,0.6,2.0,0.292,0.0,0.0,0.0,0.3,0.5,0.667,0.8,1.3,2.0,0.3,0.2,0.3,0.3,1.5,167,0.338,0.292,95.8,11.3,18.5,15.0,4.8,10.1,1.1,3.2,14.4,-1.0,0.8,87.6,102.3,-14.7,14.0,5.9,97.8,C,46,0,0,0,0,0,0,0,4,0,0.029,1.0,0.7,0.3,8,4,0.667,-0.1,0.2,0.1,URALMASH
179,NIKITA BALASHOV,URAL,25,7.9,1.4,0.5,1.0,0.48,0.2,0.4,0.444,0.3,0.6,0.467,0.3,0.8,1.1,0.2,0.3,0.4,0.2,1.6,151,0.554,0.56,139.1,4.9,12.5,8.7,4.1,16.0,2.0,4.7,9.1,-1.4,1.4,105.9,104.2,1.7,28.6,7.6,196.9,PF,92,0,0,0,0,0,0,0,6,0,0.025,0.8,1.2,0.6,14,11,0.56,0.1,0.3,0.4,URALMASH
180,ROMAN ILYUK,UNI,26,4.7,1.3,0.5,1.1,0.5,0.0,0.2,0.0,0.3,0.7,0.389,0.2,0.2,0.5,0.9,0.2,0.0,0.7,0.7,148,0.487,0.5,88.9,6.6,6.2,6.4,26.6,32.1,2.2,1.0,20.2,-1.4,1.3,90.5,97.7,-7.2,21.3,7.8,122.3,G,136,0,0,0,0,0,0,0,5,0,0.043,1.4,0.3,0.6,24,2,0.923,-0.2,0.3,0.2,UNICS KAZAN
181,ALEXANDER STULENKOV,UNI,18,3.7,1.3,0.6,1.4,0.4,0.0,0.1,0.0,0.2,0.6,0.4,0.4,0.5,0.9,0.2,0.0,0.0,0.2,0.5,143,0.408,0.4,80.0,16.3,17.3,16.8,8.8,12.0,0.0,0.0,23.5,-2.1,1.0,97.0,96.5,0.6,11.8,8.3,66.5,F,99,0,0,0,0,0,0,0,4,0,0.023,1.0,0.0,0.4,18,0,1.0,0.0,0.2,0.2,UNICS KAZAN
182,PAVEL GANKEVICH,NIZ,13,4.5,0.8,0.4,0.9,0.417,0.0,0.2,0.0,0.0,0.1,0.0,0.5,0.2,0.6,0.4,0.1,0.1,0.2,1.1,166,0.402,0.417,41.7,13.4,4.9,9.4,12.8,13.9,0.9,1.9,11.5,2.3,0.8,106.4,117.5,-11.1,6.1,5.9,58.9,F,63,0,0,0,0,0,0,0,4,0,0.026,2.5,0.5,0.1,6,7,0.462,0.0,0.0,0.0,NIZHNY NOVGOROD
183,MAXIM SAVCHENKO,MBA,17,3.2,0.8,0.2,0.4,0.5,0.0,0.0,0.0,0.4,0.8,0.5,0.3,0.5,0.8,0.2,0.1,0.1,0.2,0.7,137,0.535,0.5,100.0,11.4,19.9,15.5,9.5,24.8,2.0,1.8,14.2,-3.7,2.2,99.3,108.9,-9.6,10.3,8.9,54.9,C,69,0,0,0,0,0,0,0,6,0,0.014,0.8,0.5,2.3,4,13,0.235,0.0,0.1,0.1,MBA MOSCOW
184,DENIS NAUMOV,AVT,12,4.2,0.8,0.3,1.0,0.25,0.1,0.3,0.25,0.2,0.5,0.333,0.1,0.5,0.6,0.5,0.1,0.0,0.5,0.2,182,0.307,0.292,83.3,2.6,14.7,8.8,18.2,29.1,1.1,0.0,19.5,-4.0,0.8,62.6,111.1,-48.6,3.3,0.1,50.9,F,110,0,0,0,0,0,0,0,7,0,0.027,1.0,0.2,0.5,6,6,0.5,-0.3,0.0,-0.2,AVTODOR SARATOV
185,GEORGY SHILOHVOSTOV,NIZ,12,4.0,0.8,0.3,1.0,0.25,0.2,0.4,0.4,0.1,0.2,0.5,0.1,0.3,0.3,0.3,0.2,0.0,0.8,0.4,185,0.349,0.333,115.0,3.0,9.0,6.0,9.8,43.7,2.3,0.0,22.7,-16.8,0.8,49.2,122.4,-73.2,-5.0,-6.1,48.2,G,131,0,0,0,0,0,0,0,5,0,0.018,0.3,0.2,0.2,4,8,0.333,-0.4,0.0,-0.4,NIZHNY NOVGOROD
186,ANDREY FEDOROV,AVT,15,5.1,0.7,0.3,0.9,0.286,0.1,0.5,0.143,0.1,0.2,0.333,0.2,0.6,0.8,0.0,0.5,0.1,0.2,0.4,169,0.326,0.321,76.2,4.8,15.5,10.0,0.0,16.4,5.0,1.4,11.3,-3.9,0.7,66.4,104.3,-37.9,10.1,5.5,76.8,F,75,0,0,0,0,0,0,0,5,0,0.01,0.0,2.3,0.2,5,10,0.333,-0.2,0.1,-0.1,AVTODOR SARATOV
